genomes,LOR002C,LOR003C,LOR005C,LOR006C,LOR007C,LOR008C,LOR009C,LOR011C,LOR012C,LOR013C,LOR014C,LOR015C,LOR016C,LOR017C,LOR018C,LOR019C,LOR020C,LOR021C,LOR022C,LOR023C,LOR024C,LOR025C,LOR026C,LOR027C,LOR028C,LOR029C,LOR030C,LOR033C,LOR034C,LOR036C,LOR037C,LOR042C,LOR046C,LOR051C,LOR054C,LOR055C,LOR058C,LOR060C,LOR061C,LOR062C,LOR063C,LOR065C,LOR070C,LOR072C,LOR074C,LOR076C,LOR078C,LOR081C,LOR082C,LOR083C,LOR084C,LOR085C,LOR086C,LOR090C,LOR091C,LOR098C,LOR099C,LOR101C,LOR102C,LOR103C,LOR202C,LOR203C,LOR204C,LOR206C,LOR207C,LOR208C,LOR210C,LOR211C,LOR212C,LOR214C,LOR215C,LOR216C,LOR217C,LOR218C,LOR219C,LOR220C,LOR221C,LOR222C,LOR223C,LOR224C,LOR225C,LOR226C,LOR227C,LOR228C,LOR229C,LOR230C,LOR231C,LOR233C,LOR234C,LOR235C,LOR237C,LOR238C,LOR239C,LOR240C,LOR241C,LOR242C,LOR243C,LOR246C,LOR248C,LOR249C,LOR254C,LOR258C,LOR259C,LOR260C,LOR262C,LOR264C,LOR269C,LOR270C,LOR272C,LOR274C,LOR275C,LOR279C,LOR281C,LOR282C,LOR283C,LOR284C,LOR287C,LOR288C,LOR289C,LOR294C,LOR295C,LOR300C,LOR301C,LOR303C
LOR005C7426,0,93.628743,422.0215948,0,307.9287288,0,371.202643,186.7757036,340.0822344,0,104.60868,0,123.0886508,266.7269932,13.1412138,17.289085,83.026914,149.3605911,57.6085375,210.093975,0,0,4.467539,111.8445426,57.3194232,14.3876425,485.2412204,70.8310015,185.8981971,75.8563406,44.3633408,77.6375578,97.7215484,84.388091,77.8956912,191.9561625,0,0,44.20984,209.6062496,146.468205,271.1327195,218.2177858,283.9631319,56.8794018,129.254697,24.0645246,31.4773584,195.2044752,34.8299646,70.7453964,89.3659956,50.8950216,53.2117458,289.5186348,20.5553316,300.7312056,554.4053389,349.7360972,64.0163546,396.3710625,510.250071,484.7402267,16.7592689,139.9194624,0,60.4896788,103.8018576,0,217.2316512,72.4229118,222.918156,615.4052652,359.1971082,246.5161677,244.8436752,32.657415,14.0164515,257.6426877,357.4095168,82.050867,256.1876016,500.892945,216.3153965,142.173795,216.8025678,213.4834054,271.3973797,152.9515904,426.89512,126.3494466,141.36506,150.9637415,224.839293,18.247614,9.5503994,118.8861514,308.947266,99.3770724,651.272832,427.6869337,411.8757016,417.589102,90.3045513,172.1787912,421.756249,475.417114,181.495069,69.5472974,124.4671218,37.9759678,355.6287558,0,127.6469736,146.9851226,0,111.2259726,338.611014,57.37023,109.3751435,48.0149712,320.241159,225.0990996,296.5299732
LOR009C3120,0,0,0,0,0,0,210.7425215,0,0,0,0,0,0,0,0,0,0,0,0,0,0,0,0,0,0,0,0,0,0,0,0,0,0,0,0,0,0,0,0,0,0,0,0,0,0,0,0,0,0,0,0,0,0,0,0,0,0,0,0,0,0,0,0,0,0,0,0,0,0,0,0,0,0,0,0,0,0,0,0,0,0,0,0,0,0,0,0,0,0,0,0,0,0,0,0,0,0,0,0,0,0,0,0,0,0,0,0,0,0,0,0,0,0,0,0,0,0,0,0,0,0,0,0,0
LOR011C436,0,0,0,0,0,0,0,639.3362448,0,0,0,0,0,0,0,0,0,0,0,0,0,0,0,0,0,0,0,0,0,0,0,0,0,0,0,0,0,0,0,0,0,0,0,0,0,0,0,0,0,0,0,0,0,0,0,0,0,0,0,0,0,0,0,0,0,0,0,0,0,0,0,0,0,0,0,0,0,0,0,0,0,0,10.376289,0,0,0,0,0,0,0,0,0,0,0,0,0,0,0,0,0,0,0,0,0,0,0,0,0,0,0,0,0,0,0,0,0,0,0,0,0,0,0,0,0
LOR012C11763,0,0,0,0,0,0,0,0,762.4541322,0,0,0,0,0,0,0,0,0,0,0,0,0,0,0,0,0,0,0,0,0,0,0,0,0,0,0,0,0,0,0,0,0,0,0,0,0,0,0,0,0,0,0,0,0,0,0,0,0,0,0,0,0,0,0,0,0,0,0,0,0,0,0,0,0,0,0,0,0,0,0,0,0,0,0,0,0,0,0,0,0,0,0,0,0,0,0,0,0,0,0,0,0,0,0,0,0,0,0,0,0,0,0,0,0,0,0,0,0,0,0,0,0,0,0
LOR016C10098_1,0,0,0,0,0,0,0,0,0,0,0,0,81.5658047,0,0,0,0,0,0,0,0,0,0,0,0,0,0,0,0,0,0,0,0,0,0,0,0,0,0,0,0,0,0,0,0,0,0,0,0,0,0,0,0,0,0,0,0,0,0,0,0,0,0,0,0,0,0,0,0,0,0,0,0,0,0,0,0,0,0,0,0,0,0,0,0,0,0,0,0,0,0,0,0,0,0,0,0,0,0,0,0,0,0,0,0,0,0,0,0,0,0,0,0,0,0,0,0,0,0,0,0,0,0,0
LOR016C8165,0,0,0,0,0,0,0,0,0,0,0,0,191.0617376,0,0,0,0,0,0,0,0,0,0,0,0,0,0,0,0,0,0,0,0,0,0,0,0,0,0,0,0,0,0,0,0,0,0,0,0,0,0,0,0,0,0,0,0,0,0,0,0,0,0,0,0,0,0,0,0,0,0,0,0,0,0,0,0,0,0,0,0,0,0,0,0,0,0,0,0,0,0,0,0,0,0,0,0,0,0,0,0,0,0,0,0,0,0,0,0,0,0,0,0,0,0,0,0,0,0,0,0,0,0,0
LOR018C11461,0,0,0,0,0,0,0,0,0,0,0,0,0,0,44.873907,0,0,0,0,0,0,0,0,0,0,0,0,0,0,0,0,0,0,0,0,0,0,0,0,0,0,0,0,0,0,0,0,0,0,0,0,0,0,0,0,0,0,0,0,0,0,0,0,0,0,0,0,0,0,0,0,0,0,0,0,0,0,0,0,0,0,0,0,0,0,0,0,0,0,0,0,0,0,0,0,0,0,0,0,0,0,0,0,0,0,0,0,0,0,0,0,0,0,0,0,0,0,0,0,0,0,0,0,0
LOR018C11685,0,0,0,0,0,0,0,0,0,0,0,0,0,0,103.8284702,0,0,0,0,0,0,0,0,0,0,0,0,0,0,0,0,0,0,0,0,0,0,0,0,0,0,0,0,0,0,0,0,0,0,0,0,0,0,0,0,0,0,0,0,0,0,0,0,0,0,0,0,0,0,0,0,0,0,0,0,0,0,0,0,0,0,0,0,0,0,0,0,0,0,0,0,0,0,0,0,0,0,0,0,0,0,0,0,0,0,0,0,0,0,0,0,0,0,0,0,0,0,0,0,0,0,0,0,0
LOR019C1937,0,0,0,0,0,0,0,0,0,0,0,0,0,0,0,131.17258,0,0,0,0,0,0,0,0,0,0,0,0,0,0,0,0,0,0,0,0,0,0,0,0,0,0,0,0,0,0,0,0,0,0,0,0,0,0,0,0,0,0,0,0,0,0,0,0,0,0,0,0,0,0,0,0,0,0,0,0,0,0,0,0,0,0,0,0,0,0,0,0,0,0,0,0,0,0,0,0,0,0,0,0,0,0,0,0,0,0,0,0,0,0,0,0,0,0,0,0,0,0,0,0,0,0,0,0
LOR019C6871,0,0,0,0,0,0,0,0,0,0,0,0,0,0,0,296.262725,0,0,0,0,0,0,0,0,0,0,0,0,0,0,0,0,0,0,0,0,0,0,0,0,0,0,0,0,0,0,0,0,0,0,0,0,0,0,0,0,0,0,0,0,0,0,0,0,0,0,0,0,0,0,0,0,0,0,0,0,0,0,0,0,0,0,0,0,0,0,0,0,0,0,0,0,0,0,0,0,0,0,0,0,0,0,0,0,0,0,0,0,0,0,0,0,0,0,0,0,0,0,0,0,0,0,0,0
LOR021C11205,0,0,193.0860968,0,149.5226964,0,182.1019305,83.3494488,145.1590389,0,46.6570425,0,47.7084506,133.5744337,0,0,37.1344506,78.6433081,27.9497075,109.745363,0,0,2.1934725,56.6113968,27.0810696,0,233.688976,32.9023695,87.7202914,37.7972347,22.372976,32.085455,44.5973482,39.8439742,36.0880416,90.2134326,0,0,20.101189,100.5457742,69.0969758,108.681068,103.200753,133.904121,26.258607,62.2271403,11.2992168,12.5371344,92.4101472,16.7020064,32.4170896,43.2375072,22.7326614,24.6600126,143.174682,0,155.8616472,280.6950554,162.8125247,30.3107716,189.1178625,258.9689892,236.0241774,7.9716544,52.2657672,0,29.4420228,52.3939752,0,106.3420832,33.2866206,95.969287,213.6350304,172.7504496,112.298499,116.245576,16.172205,6.7772466,131.416857,167.8547136,40.7423909,125.205766,247.476999,103.7555701,72.458247,106.9831035,100.8389501,124.3593431,75.1732016,198.1075304,65.107471,72.448114,78.4263062,110.5473075,0,4.9162366,60.0709572,154.367232,47.6228625,318.3797232,205.912354,214.8258288,189.926902,46.4775648,85.0541472,152.330743,249.9864518,93.6378975,35.3699493,64.3492836,17.6681165,181.4934696,0,62.0344581,68.1065809,0,50.7657736,174.643308,29.46024,53.4828476,24.1838709,148.6709175,111.3073704,146.8116396
LOR021C2991,0,0,0,0,0,0,0,0,0,0,0,0,0,0,0,0,0,85.3020672,0,0,0,0,0,0,0,0,0,0,0,0,0,0,0,0,0,0,0,0,0,0,0,0,0,0,0,0,0,0,0,0,0,0,0,0,0,0,0,0,0,0,0,0,0,0,0,0,0,0,0,0,0,0,0,0,0,0,0,0,0,0,0,0,0,0,0,0,0,0,0,0,0,0,0,0,0,0,0,0,0,0,0,0,0,0,0,0,0,0,0,0,0,0,0,0,0,0,0,0,0,0,10.6235738,0,0,0
LOR021C5739,0,0,0,0,0,0,0,0,0,0,0,0,0,0,0,0,0,64.2641223,0,0,0,0,0,0,0,0,0,0,0,0,0,0,0,0,0,0,0,0,0,0,0,0,0,0,0,0,0,0,0,0,0,0,0,0,0,0,0,0,0,0,0,0,0,0,0,0,0,0,0,0,0,0,0,0,0,0,0,0,0,0,0,0,0,0,0,0,0,0,0,0,0,0,0,0,0,0,0,0,0,0,0,0,0,0,0,0,0,0,0,0,0,0,0,0,0,0,0,0,0,0,0,0,0,0
LOR022C11122,0,0,0,0,0,0,0,0,0,0,0,0,0,0,0,0,0,0,40.70333,0,0,0,0,0,0,0,0,0,0,0,0,0,0,0,0,0,0,0,0,0,0,0,0,0,0,0,0,0,0,0,0,0,0,0,0,0,0,0,0,0,0,0,0,0,0,0,0,0,0,0,0,0,0,0,0,0,0,0,0,0,0,0,0,0,0,0,0,0,0,0,0,0,0,0,0,0,0,0,0,0,0,0,0,0,0,0,0,0,0,0,0,0,0,0,0,0,0,0,0,0,0,0,0,0
LOR022C11160,0,0,0,0,0,0,0,0,0,0,0,0,0,0,0,0,0,0,29.8409625,0,0,0,0,0,0,0,0,0,0,0,0,0,0,0,0,0,0,0,0,0,0,0,0,0,0,0,0,0,0,0,0,0,0,0,0,0,0,0,0,0,0,0,0,0,0,0,0,0,0,0,0,0,0,0,0,0,0,0,0,0,0,0,0,0,0,0,0,0,0,0,0,0,0,0,0,0,0,0,0,0,0,0,0,0,0,0,0,0,0,0,0,0,0,0,0,0,0,0,0,0,0,0,0,0
LOR022C3734,0,0,0,0,0,0,0,0,0,0,0,0,0,0,0,0,0,0,79.84452,0,0,0,0,0,0,0,0,0,0,0,0,0,0,0,0,0,0,0,0,0,0,0,0,0,0,0,0,0,0,0,0,0,0,0,0,0,0,0,0,0,0,0,0,0,0,0,0,0,0,0,0,0,0,0,0,0,0,0,0,0,0,0,0,0,0,0,0,0,0,0,0,0,0,0,0,0,0,0,0,0,0,0,0,0,0,0,0,0,0,0,0,0,0,0,0,0,0,0,0,0,0,0,0,0
LOR022C5210,0,0,0,0,0,0,0,0,0,0,0,0,0,0,0,0,0,0,635.386015,0,0,0,0,0,0,0,0,0,0,0,0,0,0,0,0,0,0,0,0,0,0,0,0,0,0,0,0,0,0,0,0,0,0,0,0,0,0,0,0,0,0,0,0,0,0,186.780557,0,0,0,0,0,0,0,0,0,0,0,0,0,0,0,0,0,0,0,0,0,0,0,0,0,0,0,0,0,0,0,0,0,0,0,0,0,0,0,0,0,0,0,0,0,0,0,0,0,0,0,0,0,0,0,0,0,0
LOR022C7307,0,0,0,0,0,0,0,0,0,0,0,0,0,0,0,0,0,0,19.280515,0,0,0,0,0,0,0,0,0,0,0,0,0,0,0,0,0,0,0,0,0,0,0,0,0,0,0,0,0,0,0,0,0,0,0,0,0,0,0,0,0,0,0,0,0,0,0,0,0,0,0,0,0,0,0,0,0,0,0,0,0,0,0,0,0,0,0,0,0,0,0,0,0,0,0,0,0,0,0,0,0,0,0,0,0,0,0,0,0,0,0,0,0,0,0,0,0,0,0,0,0,0,0,0,0
LOR022C7928,0,0,250.9091194,0,171.3816986,0,212.1714945,95.7854384,199.1424084,0,43.247895,0,55.9890554,153.4225457,6.3527516,0,49.134705,58.7312803,36.0417,112.707413,0,0,2.4636335,61.1754066,22.8095972,0,267.1484188,31.9515595,101.125528,35.5215897,25.8594136,39.1036406,61.1051946,49.1284454,41.9502104,94.3032165,0,0,30.887785,135.4630908,84.8713936,139.6716668,128.8254782,165.6315384,31.1144556,73.0823067,12.1440828,19.0785552,108.035788,16.7746876,39.358648,54.598494,25.9435326,30.2001561,176.3303472,0,189.6205248,307.7991179,194.3852932,36.4969252,217.628985,278.7848538,296.0700601,8.7017446,91.9471332,0,29.2988224,61.0834308,0,67.4759536,36.0461844,122.912255,322.2239724,201.6093726,138.7600002,126.3462248,9.94014,7.4234601,112.0877901,140.3242176,30.8677273,143.41747,272.8331025,116.4166865,67.856853,129.3072417,120.357323,168.4039067,76.3706538,241.7930384,72.9887002,64.656828,95.9062797,135.5987535,0,6.3356416,82.5958616,200.33751,68.7553155,430.3467252,276.8527137,272.9286164,28.450112,57.389727,107.5560408,207.885615,279.5571402,109.3146047,41.7887043,39.0106422,11.7613909,236.4685421,0,81.6435417,106.681704,0,70.3440034,203.526036,19.03788,73.6335649,25.9672063,0,132.7080864,89.8540236
LOR026C1504,0,0,0,0,0,0,0,0,0,0,0,0,0,0,0,0,0,0,0,0,0,0,24.6957775,0,0,0,0,0,0,0,0,0,0,0,0,0,0,0,0,0,0,0,0,0,0,0,0,0,0,0,0,0,0,0,0,0,0,0,0,0,0,0,0,0,0,0,0,0,0,0,0,0,0,0,0,0,0,0,0,0,0,0,0,0,0,0,0,0,0,0,0,0,0,0,0,0,0,0,0,0,0,0,0,0,0,0,0,0,0,0,0,0,0,0,0,0,0,0,0,0,0,0,0,0
LOR028C10279,0,0,0,0,0,0,0,0,0,0,0,0,0,0,0,0,0,0,0,0,0,0,0,0,22.809982,0,0,0,0,0,0,0,0,0,0,0,0,0,0,0,0,0,0,0,0,0,0,0,0,0,0,0,0,0,0,0,0,0,0,0,0,0,0,0,0,0,0,0,0,0,0,0,0,0,0,0,0,0,0,0,0,0,0,0,0,0,0,0,0,0,0,0,0,0,0,0,0,0,0,0,0,0,0,0,0,0,0,0,0,0,0,0,0,0,0,0,0,0,0,0,0,0,0,0
LOR030C6624,0,0,0,0,0,0,0,0,0,0,0,0,0,0,0,0,0,0,0,0,0,0,0,0,0,0,72.8624914,0,0,0,0,0,0,0,3.9973524,40.2277717,0,0,0,0,0,0,0,0,0,0,0,0,0,0,0,0,0,0,0,0,0,0,0,0,0,0,0,0,0,0,0,0,0,0,0,0,0,0,0,0,0,0,0,0,0,0,0,0,0,0,0,0,0,0,0,0,0,0,0,0,0,0,0,0,0,0,0,0,0,0,0,0,0,0,50.5414444,0,0,0,0,0,0,0,0,0,0,0,0,0
LOR030C7345,0,0,0,0,0,0,0,0,0,0,0,0,0,0,0,0,0,0,0,0,0,0,0,0,0,0,41.1107918,0,0,0,0,0,0,0,11.3132436,0,0,0,0,0,0,0,0,0,0,0,0,0,0,0,0,0,0,0,0,0,0,0,0,0,0,0,0,0,0,0,0,0,0,0,0,0,0,0,0,0,0,0,0,0,0,0,0,0,0,0,0,0,0,0,0,0,0,0,0,0,0,0,0,0,0,0,0,0,0,0,0,0,0,0,0,0,0,0,0,0,0,0,0,0,33.7273146,0,0,0
LOR033C11205,0,0,269.9698273,0,206.2891712,0,268.7653115,114.5568736,208.0702962,0,58.27446,0,73.697747,186.6041564,0,0,53.6480466,102.7237253,37.68857,152.723298,0,0,3.1438445,85.171002,36.7083808,0,335.6376344,54.990257,124.3664835,52.4245696,30.53326,45.8170774,60.7622952,52.7123756,50.8263152,123.9431479,0,0,30.54053,149.7220834,92.2580862,165.4663482,140.7328224,182.6191426,35.6919456,87.8363109,14.7694926,15.874968,125.6490424,22.5955182,44.6480692,56.112357,35.8094121,33.1098408,187.9120656,0,219.6715248,406.6578522,223.7368126,45.3092056,261.387525,349.558821,315.6639896,10.1889799,77.201938,0,40.6217798,73.3465796,0,144.8978448,44.9156808,137.116715,365.4609948,236.4440058,154.2845052,165.7790528,21.69258,8.8746165,179.350245,230.19696,55.8305358,172.4604784,341.6568855,137.4799054,97.808538,148.2803595,145.0082531,175.0860507,98.9998604,267.2546584,88.237253,97.147746,103.9563811,146.014365,0,5.7412736,78.7140642,204.716046,62.4176301,431.1205668,287.9010641,314.3222478,273.666428,60.6888939,117.0428508,255.319845,324.5179498,125.0409293,46.3475859,73.6647615,23.5560926,260.9548499,0,84.587049,93.5475849,0,71.0611016,262.526922,39.7467,82.0352386,34.6382659,204.0457965,148.7374812,197.4549456
LOR034C11582,0,0,0,0,0,0,0,0,0,0,0,0,0,0,0,0,0,0,0,0,0,0,0,0,0,0,0,0,47.6424823,0,0,0,0,0,0,0,0,0,0,0,0,0,0,0,0,0,0,0,0,0,0,0,0,0,0,0,0,0,0,0,0,0,0,0,0,0,0,0,0,0,0,0,0,0,0,0,0,0,0,0,0,0,0,0,0,0,0,0,0,0,0,0,0,0,0,0,0,0,0,0,0,0,0,0,0,0,0,0,0,0,0,0,0,0,0,0,0,0,0,0,0,0,0,0
LOR034C7874,0,0,0,0,0,0,0,0,0,0,0,0,0,0,0,0,0,0,0,0,0,0,0,0,0,0,0,0,1232.061889,0,0,0,0,0,0,0,0,0,0,0,0,0,0,0,0,0,0,0,0,0,0,0,0,0,0,0,0,0,0,0,0,0,0,0,0,0,0,0,0,0,0,0,0,0,0,0,0,0,0,0,0,0,0,0,0,0,0,0,0,0,0,0,0,0,0,0,63.4725852,0,0,0,0,0,0,0,0,0,0,0,0,0,0,0,0,0,0,0,0,0,0,0,0,0,0,0
LOR034C936,0,0,0,0,0,0,0,0,0,0,0,0,0,0,0,0,0,0,0,0,0,0,0,0,0,0,0,0,277.797842,0,0,0,0,0,0,0,0,0,0,0,0,0,0,0,0,0,0,0,0,0,0,0,0,0,0,0,0,0,0,0,0,0,0,0,0,0,0,0,0,0,0,0,0,0,0,0,0,0,0,0,0,0,0,0,0,0,0,0,0,0,0,0,0,0,0,0,0,0,0,0,0,0,0,0,0,0,0,0,0,0,0,0,0,0,0,0,0,0,0,0,0,0,0,0
LOR0422C10566,0,0,0,0,0,0,0,0,0,0,0,0,0,0,0,0,0,0,0,0,0,0,0,0,0,0,0,0,0,0,0,0,0,0,0,0,0,0,0,0,0,0,573.6716734,0,0,0,0,0,0,0,0,0,0,0,0,0,0,0,0,0,0,0,0,0,0,0,0,0,0,0,0,0,0,0,0,0,0,0,0,0,0,0,0,0,0,0,0,0,0,0,0,0,0,0,0,0,0,0,0,0,0,0,0,0,0,0,0,0,0,0,0,0,0,0,0,0,0,0,0,0,0,0,0,0
LOR0422C3205,0,0,0,0,0,0,0,0,0,0,0,0,0,0,0,0,0,0,0,0,0,0,0,0,0,0,0,0,0,0,0,0,0,0,0,0,0,0,0,0,0,0,425.8538766,0,0,0,0,0,0,0,0,0,0,0,0,0,0,0,0,0,0,0,0,0,0,0,0,0,0,0,0,0,0,0,0,0,0,0,0,0,0,0,0,0,0,0,0,0,0,0,0,0,0,0,0,0,0,0,0,0,0,0,0,0,0,0,0,0,0,0,0,0,0,0,0,0,0,0,0,0,0,0,0,0
LOR0422C3539,0,0,0,0,0,0,0,0,0,0,0,0,0,0,0,0,0,0,0,0,0,0,0,0,0,0,0,0,0,0,0,0,0,0,0,0,0,0,0,0,0,0,45.4403152,0,0,0,0,0,0,0,0,0,0,0,0,0,0,0,0,0,0,0,0,0,0,0,0,0,0,0,0,0,0,0,0,0,0,0,0,0,0,0,0,0,0,0,0,0,0,0,0,0,0,0,0,0,0,0,0,0,0,0,0,0,0,0,0,0,0,0,0,0,0,0,0,0,0,0,0,0,0,0,0,0
LOR0422C5714,0,0,0,0,0,0,0,0,0,0,0,0,0,0,0,0,0,0,0,0,0,0,0,0,0,0,0,0,0,0,0,0,0,0,0,0,0,0,0,0,0,0,219.8374312,0,0,0,0,0,0,0,0,0,0,0,0,0,0,0,0,0,0,0,0,0,0,0,0,0,0,0,0,0,0,0,0,0,0,0,0,0,0,0,0,0,0,0,0,0,0,0,0,0,0,0,0,0,0,0,0,0,0,0,0,0,0,0,0,0,0,0,0,0,0,0,0,0,0,0,0,0,0,0,0,0
LOR0422C5793,0,0,0,0,0,0,0,0,0,0,0,0,0,0,0,0,0,0,0,0,0,0,0,0,0,0,0,0,0,0,0,0,0,0,0,0,0,0,0,0,0,0,494.3879244,0,0,0,0,0,0,0,0,0,0,0,0,0,0,0,0,0,0,0,0,0,0,0,0,0,0,0,0,0,0,0,0,0,0,0,0,0,0,0,0,0,0,0,0,0,0,0,0,0,0,0,0,0,0,0,0,0,0,0,0,0,0,0,0,0,0,0,0,0,0,0,0,0,0,0,0,0,0,0,0,0
LOR0422C7224,0,0,0,0,0,0,0,0,0,0,0,0,0,0,0,0,0,0,0,0,0,0,0,0,0,0,0,0,0,0,0,0,0,0,0,0,0,0,0,0,0,0,338.6077354,0,0,0,0,0,0,0,0,0,0,0,0,0,0,0,0,0,0,0,0,0,0,0,0,0,0,0,0,0,0,0,0,0,0,0,0,0,0,0,0,0,0,0,0,0,0,0,0,0,0,0,0,0,0,0,0,0,0,0,0,0,0,0,0,0,0,0,0,0,0,0,0,0,0,0,0,0,0,0,0,0
LOR0423C3560,0,0,0,0,0,0,0,0,0,0,0,0,0,0,0,0,0,0,0,0,0,0,0,0,0,0,0,0,0,0,0,0,0,0,0,0,0,0,0,0,0,0,0,105.9142555,0,0,0,0,0,0,0,0,0,0,0,0,0,0,0,0,0,0,0,0,0,0,0,0,0,0,0,0,0,0,0,0,0,0,0,0,0,0,0,0,0,0,0,0,0,0,0,0,0,0,0,0,0,0,0,0,0,0,0,0,0,0,0,0,0,0,0,0,0,0,0,0,0,0,0,0,0,0,0,0
LOR0423C8907,0,0,0,0,0,0,0,0,0,0,0,0,0,0,0,0,0,0,0,0,0,0,0,0,0,0,0,0,0,0,0,0,0,0,0,0,0,0,0,0,13.1693901,0,0,575.8642934,0,0,0,0,0,0,0,0,0,0,0,0,0,0,0,0,0,0,0,0,0,0,0,0,0,0,0,0,0,0,0,0,0,0,0,0,0,0,0,0,0,0,0,0,0,0,0,0,0,0,0,0,0,0,0,0,0,0,0,0,0,0,0,0,0,0,0,0,0,0,0,0,0,0,0,0,0,0,0,0
LOR0469C1035,0,0,72.4657956,0,0,0,102.9547925,33.6144956,0,0,19.818915,0,28.447666,72.0569958,0,0,0,27.9777771,10.4844125,0,0,0,0,28.86261,11.0857032,0,106.5431232,16.0893355,43.9988311,17.5222699,15.8664464,0,0,10.9797536,11.4220852,22.7899971,0,0,11.3629995,49.4919566,26.3371723,59.6893137,34.9022772,0,0,24.0697899,0,0,40.1561608,0,21.745052,24.2829618,14.7187539,7.4921085,0,0,95.1732936,151.2522122,55.6671269,22.8447222,56.6085975,143.2230654,66.2170845,0,35.2109208,0,8.1005886,33.9485426,0,26.867184,9.0655992,35.521947,147.1778352,44.551134,26.5869369,40.6464144,6.737745,0,60.0337233,41.7793152,14.7732749,44.8188398,139.737171,24.6136656,39.141375,43.1558127,48.462025,35.3843649,0,59.9709184,37.413311,43.18251,48.5429087,0,0,0,17.7779428,0,0,99.916362,56.8039443,136.5304688,52.953384,0,27.227952,91.978522,95.3780832,33.1471133,12.6559062,0,7.8911532,65.2242358,0,19.8264603,0,0,0,104.670972,8.98803,28.7203735,15.087429,0,47.8837764,43.9162632
LOR0469C905,0,0,0,0,0,0,0,0,0,0,0,0,0,0,20.3436948,0,0,0,0,0,0,0,3.707855,0,0,0,21.8781658,0,0,0,0,0,0,0,27.7745864,0,44.8168896,0,0,0,0,0,0,0,0,0,23.8860636,49.5909072,0,0,0,0,0,0,0,0,0,0,0,208.6042808,0,19.355658,0,0,0,0,257.7839014,0,0,0,0,24.470638,0,18.5003676,0,0,0,70.1815734,0,5.0296512,51.7594369,0,0,0,0,0,0,0,0,0,0,0,0,0,0,88.2616902,0,0,0,0,0,0,0,17.0992614,0,0,0,0,0,0,298.4881927,0,0,38.0762583,0,24.1248525,0,0,0,0,81.8218058,0,0,0
LOR051C1855,0,0,0,0,0,0,0,0,0,0,0,0,0,0,0,0,0,0,0,0,0,0,0,0,0,0,0,0,0,0,0,0,0,124.3767594,0,0,0,0,0,0,0,0,0,0,0,0,0,0,0,0,0,0,0,0,0,0,0,0,0,0,0,0,0,0,0,0,0,0,0,0,0,0,0,0,0,0,0,0,0,0,0,0,0,0,0,0,0,0,0,0,0,0,0,0,0,0,0,0,0,0,0,0,0,0,0,0,0,0,0,0,0,0,0,0,0,0,0,0,0,0,0,0,0,0
LOR051C3649_1,0,0,0,0,0,0,0,0,0,0,0,0,0,0,0,0,0,0,0,0,0,0,0,0,0,0,0,0,0,0,0,0,0,54.6787214,0,0,0,0,0,0,0,0,0,0,0,0,0,0,0,0,0,0,0,0,0,0,0,0,0,0,0,0,0,0,0,0,0,0,0,0,0,0,0,0,0,0,0,0,0,0,0,0,0,0,0,0,0,0,0,0,0,0,0,0,0,0,0,0,0,0,0,0,0,0,0,0,0,0,0,0,0,0,0,0,0,0,0,0,0,0,0,0,0,0
LOR051C7780,0,0,0,0,0,0,0,0,0,0,0,0,0,0,0,0,0,0,0,0,0,0,0,0,0,0,0,0,0,0,0,0,0,37.5079032,0,0,0,0,0,0,0,0,0,0,0,0,0,0,0,0,0,0,0,0,0,0,0,0,0,0,0,0,0,0,0,0,0,0,0,0,0,0,0,0,0,0,0,0,0,0,0,0,0,0,0,0,0,0,0,0,0,0,0,0,0,0,0,0,0,0,0,0,0,0,0,0,0,0,0,0,0,0,0,0,0,0,0,0,0,0,0,0,0,0
LOR054C11098,0,0,0,0,0,0,0,0,0,0,0,0,0,0,0,0,0,0,0,0,0,0,0,0,0,0,0,0,0,0,0,0,0,0,25.4659964,0,0,0,0,0,0,0,0,0,0,0,0,0,0,0,0,0,0,0,0,0,0,0,0,0,0,0,0,0,0,0,0,0,0,0,0,0,0,0,0,0,0,0,0,0,0,0,0,0,0,0,0,0,0,0,0,0,0,0,0,0,0,0,0,0,0,0,0,0,0,0,0,0,0,0,0,0,0,0,0,0,0,0,0,0,0,0,0,0
LOR054C12532,0,0,0,0,0,0,0,0,0,0,0,0,0,0,0,0,0,0,0,0,0,0,0,0,0,0,0,0,0,0,0,0,0,0,28.5158664,0,0,0,0,0,0,0,0,0,0,0,0,0,0,0,0,0,0,0,0,0,0,0,0,0,0,0,0,0,0,0,0,0,0,0,0,0,0,0,0,0,0,0,0,0,0,0,0,0,0,0,0,0,0,0,0,0,0,0,0,0,0,0,0,0,0,0,0,0,0,0,0,0,0,0,0,0,0,0,0,0,0,0,0,0,0,0,0,0
LOR054C2191,0,0,0,0,0,0,0,0,0,0,0,0,0,0,0,0,0,0,0,0,0,0,0,0,0,0,0,0,0,0,0,0,0,0,7.1979192,0,0,0,0,0,0,0,0,0,0,0,0,0,0,0,0,0,0,0,0,0,0,0,0,0,0,0,0,0,0,0,0,0,0,0,0,0,0,0,0,0,0,0,0,0,0,0,0,0,0,0,0,0,0,0,0,0,0,0,0,0,0,0,0,0,0,0,0,0,0,0,0,0,0,0,0,0,0,0,0,0,0,0,0,0,0,0,0,0
LOR054C3415,0,0,0,0,0,0,0,0,0,0,0,0,0,0,0,0,0,0,0,0,0,0,0,0,0,0,0,0,0,0,0,0,0,0,23.8381184,0,0,0,0,0,0,0,0,0,23.1140484,0,0,0,0,0,0,0,0,0,0,0,0,0,0,0,0,0,0,0,0,0,0,0,0,0,0,0,0,0,0,0,0,0,0,0,0,0,0,0,0,0,0,0,0,0,0,0,0,0,0,0,0,0,0,0,0,0,0,0,0,0,0,0,0,0,0,0,0,0,0,0,0,0,0,0,0,0,0,0
LOR054C4143,0,0,0,0,0,0,0,0,0,0,0,0,0,0,0,0,0,0,0,0,0,0,0,0,0,0,0,0,0,0,0,0,0,0,70.7431528,0,0,0,0,0,0,0,0,0,0,0,0,0,0,0,0,0,0,0,0,0,0,0,0,0,0,0,0,0,0,0,0,0,0,0,0,0,0,0,0,0,0,0,0,0,0,0,0,0,0,0,0,0,0,0,0,0,0,0,0,0,0,0,0,0,0,0,0,0,0,0,0,0,0,0,0,0,0,0,0,0,0,0,0,0,0,0,0,0
LOR054C4668,0,0,0,0,0,0,0,0,0,0,0,0,0,0,0,0,0,0,0,0,0,0,0,0,0,0,0,0,0,0,0,0,0,0,46.6559372,0,0,0,0,0,0,0,0,0,0,0,0,0,0,0,0,0,0,0,0,0,0,0,0,0,0,0,0,0,0,0,0,0,0,0,0,0,0,0,0,0,0,0,0,0,0,0,0,0,0,0,0,0,0,0,0,0,0,0,0,0,0,0,0,0,0,0,0,0,0,0,0,0,0,0,0,0,0,0,0,0,0,0,0,0,0,0,0,0
LOR054C4757,0,0,0,0,0,0,0,0,0,0,0,0,0,0,0,0,0,0,0,0,0,0,0,0,0,0,0,0,0,0,0,0,0,0,63.0602828,0,0,0,0,0,0,0,0,0,0,0,0,0,0,0,0,0,0,0,0,0,0,0,0,0,0,0,0,0,0,0,0,0,0,0,0,0,0,0,0,0,0,0,0,0,0,0,0,0,0,0,0,0,0,0,0,0,0,0,0,0,0,0,0,0,0,0,0,0,0,0,0,0,0,0,0,0,0,0,0,0,0,0,0,0,0,0,0,0
LOR054C6272,0,0,0,0,0,0,0,0,0,0,0,0,0,0,0,0,0,0,0,0,0,0,0,0,0,0,0,0,0,0,0,0,0,0,60.071252,0,0,0,0,0,0,0,0,0,0,0,0,0,0,0,0,0,0,0,0,0,0,0,0,0,0,0,0,0,0,0,0,0,0,0,0,0,0,0,0,0,0,0,0,0,0,0,0,0,0,0,0,0,0,0,0,0,0,0,0,0,0,0,0,0,0,0,0,0,0,0,0,0,0,0,0,0,0,0,0,0,0,0,0,0,0,0,0,0
LOR054C6558,0,0,0,0,0,0,0,0,0,0,0,0,0,0,0,0,0,0,0,0,0,0,0,0,0,0,0,0,69.6304371,0,0,0,0,0,15.5563936,0,0,0,0,0,0,0,0,0,0,0,0,0,0,0,0,0,0,0,0,0,0,0,0,0,0,0,0,0,0,0,0,0,0,0,0,0,0,0,0,0,0,0,0,0,0,0,0,0,0,0,0,0,0,0,0,0,0,0,0,0,0,0,0,0,0,0,0,0,0,0,0,0,0,0,0,0,0,0,0,0,0,0,0,0,0,0,0,0
LOR054C6930,0,0,0,0,0,0,0,0,0,0,0,0,28.5879138,0,0,0,0,0,32.8901325,0,0,0,0,0,0,0,23.4368582,0,0,0,0,0,0,0,16.3706716,0,0,0,0,0,0,0,0,0,10.1068956,0,0,0,0,0,0,0,0,11.6198604,0,0,0,0,0,46.0351572,0,0,0,0,0,0,0,0,0,0,0,0,0,0,0,0,0,0,0,0,0,0,0,0,0,0,0,0,0,0,0,0,0,0,0,0,0,0,0,0,0,0,0,0,0,0,0,0,0,0,0,0,0,0,0,0,0,0,0,0,0,0,0,0
LOR054C7422,0,0,0,0,0,0,0,0,0,0,0,0,0,0,0,0,0,0,0,0,0,0,0,0,0,0,0,0,0,0,0,0,0,0,12.4400796,0,0,0,0,0,0,0,0,0,0,0,0,0,0,0,0,0,0,0,0,0,0,0,0,0,0,0,0,0,0,0,0,0,0,0,0,0,0,0,0,0,0,0,0,0,0,0,0,0,0,0,0,0,0,0,0,0,0,0,0,0,0,0,0,0,0,0,0,0,0,0,0,0,0,0,0,0,0,0,0,0,0,0,0,0,0,0,0,0
LOR054C7479,0,0,0,0,0,0,0,0,0,0,0,0,0,0,0,0,0,0,0,0,0,0,0,0,0,0,0,0,0,0,0,0,0,0,51.537718,0,0,0,0,0,0,0,0,0,0,0,0,0,0,0,0,0,0,0,0,0,0,0,0,0,0,0,0,0,0,0,0,0,0,0,0,0,0,0,0,0,0,0,0,0,0,0,0,0,0,0,0,0,0,0,0,0,0,0,0,0,0,0,0,0,0,0,0,0,0,0,0,0,0,0,0,0,0,0,0,0,0,0,0,0,0,0,0,0
LOR054C8584,0,0,0,0,0,0,0,0,0,0,0,0,0,0,0,0,0,0,0,0,0,0,0,0,0,0,0,0,0,0,0,0,0,0,223.73548,0,0,0,0,0,0,0,0,0,0,0,0,0,0,0,0,0,0,0,0,0,0,0,0,0,0,0,0,0,0,0,0,0,0,0,0,0,0,0,0,0,0,0,0,0,0,0,0,0,0,0,0,0,0,0,0,0,0,0,0,0,0,0,0,0,0,0,0,0,0,0,0,0,0,0,0,0,0,0,0,0,0,0,0,0,0,0,0,0
LOR054C90,0,0,0,0,0,0,0,0,0,0,0,0,0,0,0,0,0,0,0,0,0,0,0,0,0,0,0,0,0,0,0,0,0,0,29.2296648,0,0,0,0,0,0,0,0,0,0,0,0,0,0,0,0,0,0,0,0,0,0,0,0,0,0,0,0,0,0,0,0,0,0,0,0,0,0,0,0,0,0,0,0,0,0,0,0,0,0,0,0,0,0,0,0,0,0,0,0,0,0,0,0,0,0,0,0,0,0,0,0,0,0,0,0,0,0,0,0,0,0,0,0,0,0,0,0,0
LOR054C9388_1,0,0,0,0,0,0,0,0,0,0,0,0,0,0,0,0,0,0,0,0,0,0,0,0,0,0,0,0,0,0,0,0,0,0,89.3325116,0,0,0,0,0,0,0,0,0,0,0,0,0,0,0,0,0,0,0,0,0,0,0,0,0,0,0,0,0,0,0,0,0,0,0,0,0,0,0,0,0,0,0,0,0,0,0,0,0,0,0,0,0,0,0,0,0,0,0,0,0,0,0,0,0,0,0,0,0,0,0,0,0,0,0,0,0,0,0,0,0,0,0,0,0,0,0,0,0
LOR055C234,0,0,0,0,0,0,0,0,0,0,0,0,0,0,0,0,0,0,0,0,0,0,0,0,0,0,0,0,0,0,0,0,0,0,0,100.6228756,0,0,0,0,0,0,0,0,0,0,0,0,0,0,0,0,0,0,0,0,0,0,0,0,0,0,0,0,0,0,0,0,0,0,0,0,0,0,0,0,0,0,0,0,0,0,0,0,0,0,0,0,0,0,0,0,0,0,0,0,0,0,0,0,0,0,0,0,0,0,0,0,0,0,0,0,0,0,0,0,0,0,0,0,0,0,0,0
LOR055C4476_1,0,0,0,0,0,0,0,0,0,0,0,0,0,0,0,0,0,0,0,0,0,0,0,0,0,0,0,0,0,0,0,0,0,0,0,122.8711859,0,0,0,0,0,0,0,0,0,0,0,0,0,0,0,0,0,0,0,0,0,0,0,0,0,0,0,0,0,0,130.7278816,0,0,0,0,0,0,0,0,0,0,0,0,0,0,0,0,0,0,0,0,0,0,0,0,0,0,0,0,0,0,0,0,0,0,0,0,0,0,0,0,0,0,0,25.2797804,0,0,0,0,0,0,0,0,0,9.340618,0,0,0
LOR055C4476_2,0,0,0,0,0,0,0,0,0,0,0,0,0,0,0,0,0,0,0,0,0,0,0,0,0,0,0,0,0,0,0,0,0,0,0,53.0729236,0,0,0,0,0,0,0,0,0,0,0,0,0,0,0,0,0,0,0,0,0,0,0,0,0,0,0,0,0,0,0,0,0,0,0,0,0,0,0,0,0,0,0,0,0,0,0,0,0,0,0,0,0,0,0,0,0,0,0,0,0,0,0,0,0,0,0,0,0,0,0,0,0,0,0,0,0,0,0,0,0,0,0,0,10.7815204,0,0,0
LOR055C5735_1,0,0,0,0,0,0,0,0,0,0,0,0,0,0,0,0,0,0,0,0,0,0,0,0,0,0,0,0,0,0,0,0,0,0,0,23.5176687,0,0,0,0,0,0,0,0,0,0,0,0,0,0,0,0,0,0,0,0,0,0,0,0,0,0,0,0,0,0,0,0,0,0,0,0,0,0,0,0,0,0,0,0,0,0,0,0,0,0,0,0,0,0,0,0,0,0,0,0,0,0,0,0,0,0,0,0,0,0,0,0,0,0,0,0,0,0,0,0,0,0,0,0,0,0,0,0
LOR055C6040_1,0,0,0,0,0,0,0,0,0,0,0,0,0,0,0,0,0,0,0,0,0,0,0,0,0,0,0,0,0,0,0,0,0,0,0,37.9234783,0,0,0,0,0,0,0,0,0,0,0,0,0,0,0,0,0,0,0,0,0,0,0,0,0,0,0,0,0,0,0,0,0,0,0,0,0,0,0,0,0,0,0,0,0,0,0,0,0,0,0,0,0,0,0,0,0,0,0,0,0,0,0,0,0,0,0,0,0,0,0,0,0,0,0,0,0,0,0,0,0,0,0,0,0,0,0,0
LOR055C6040_2,0,0,0,0,0,0,0,0,0,0,0,0,0,0,0,0,0,0,0,0,0,0,0,0,0,0,0,0,0,0,0,0,0,0,0,26.0878888,0,0,0,0,0,0,0,0,0,0,0,0,0,0,0,0,0,0,0,0,0,0,0,0,0,0,0,0,0,0,0,0,0,0,0,0,0,0,0,0,0,0,0,0,0,0,0,0,0,0,0,0,0,0,0,0,0,0,0,0,0,0,0,0,0,0,0,0,0,0,0,0,0,0,0,0,0,0,0,0,0,0,0,0,0,0,0,0
LOR055C7126,0,0,0,0,0,0,0,0,0,0,0,0,0,0,0,0,0,0,0,0,0,0,0,0,0,0,0,0,0,0,0,0,0,0,8.2848888,16.4191072,0,0,0,0,0,0,0,0,0,0,0,0,0,0,0,0,0,0,0,0,0,0,0,0,0,0,0,0,0,0,0,0,0,0,0,0,0,0,0,0,0,0,0,0,0,0,0,0,0,0,0,0,0,0,0,0,0,0,0,0,0,0,0,0,0,0,0,0,0,0,0,0,0,0,0,0,0,0,0,0,0,0,0,0,0,0,0,0
LOR055C7171,0,0,0,0,0,0,0,0,0,0,0,0,0,0,0,0,0,0,6.61708,0,0,0,0,0,0,0,0,0,10.9206699,0,0,0,0,0,0,9.1358963,0,0,0,0,10.1061109,0,0,0,0,0,0,0,8.1497192,0,0,0,0,0,0,0,15.48666,8.5000854,0,0,0,4.6554144,22.7522874,0,0,0,0,0,0,84.6352336,1.6135218,12.510002,10.6468164,5.4772686,0,0,0,0,0,25.7837664,0,0,17.1843735,0,0,0,0,17.388879,0,8.7902536,0,0,0,0,0,0,25.912896,52.731048,0,5.3867268,0,0,0,0,0,0,0,0,0,0,0,0,0,0,0,0,0,7.045164,0,0,0,0,13.1628732,0
LOR055C7218,0,0,0,0,0,0,0,0,0,0,0,0,0,0,0,0,0,0,7.925955,0,0,0,0,0,0,0,0,0,12.350352,0,0,0,0,0,0,9.7747638,0,0,0,0,12.4086237,0,0,0,0,0,0,0,10.0148832,0,0,0,0,0,0,0,15.676416,9.157245,0,0,0,4.8363084,24.1290376,0,0,0,0,0,0,91.2690528,1.6235766,10.867943,11.1787632,4.1210856,0,0,0,0,0,25.8517728,0,0,19.0359855,0,0,0,0,19.5115492,0,8.989936,0,0,0,0,0,0,21.9369514,49.67874,0,4.3782228,0,2.217369,0,0,0,0,0,0,0,0,0,0,0,0,0,0,0,6.706728,0,0,0,0,13.0752984,0
LOR055C7391,0,0,0,0,0,0,0,0,0,0,0,0,0,0,0,0,0,0,6.8003225,0,0,0,0,0,0,0,0,0,11.0510953,0,0,0,0,0,0,10.1659146,0,0,0,0,11.8348331,0,0,0,0,0,0,0,10.5279048,0,0,0,0,0,0,0,15.7660776,8.8799927,0,0,0,4.52454,22.270683,0,0,0,0,0,0,88.2213408,0,10.887341,10.3746852,4.3670502,0,0,0,0,0,26.328288,0,0,18.9169155,0,0,0,0,14.165834,0,10.82066,0,0,0,0,0,0,14.8324804,38.852286,0,3.3157404,0,0,0,0,0,0,0,0,0,0,0,0,0,0,0,0,0,0,0,0,0,0,10.2095784,0
LOR055C8334,0,0,0,0,0,0,0,0,0,0,0,0,0,0,0,0,0,0,0,0,0,0,0,0,0,0,0,0,0,0,0,0,0,0,0,13.0950538,0,0,0,0,0,0,0,0,0,0,0,0,0,0,0,0,0,0,0,0,0,0,0,0,0,0,0,0,0,0,16.4073426,8.689618,0,0,0,0,0,0,0,0,0,0,0,0,0,36.799357,0,0,0,0,0,0,0,0,0,0,0,0,0,322.1663312,0,0,0,0,0,0,0,0,0,0,0,0,0,0,0,0,0,0,0,0,0,0,0,0,0,0,0,0
LOR058C841,0,0,0,0,0,0,0,0,0,0,0,0,0,0,0,0,0,0,0,0,0,0,0,0,0,0,0,0,0,0,0,0,0,0,0,0,1152.711378,0,0,0,0,0,0,0,0,0,0,0,0,0,0,0,0,0,0,0,0,0,0,0,0,0,0,0,0,0,0,0,0,0,0,0,0,0,0,0,0,0,0,0,0,0,0,0,0,0,0,0,0,0,0,0,0,0,0,0,0,0,0,0,0,0,0,0,0,0,0,0,0,0,0,0,0,0,0,0,0,0,0,0,0,0,0,0
LOR058C9379,0,0,0,0,0,0,0,0,0,0,0,0,0,0,0,0,0,0,0,0,0,0,0,0,0,0,0,0,0,0,0,0,0,0,0,0,219.9861468,0,0,0,0,0,0,0,0,0,0,0,0,0,0,0,0,0,0,0,0,0,0,0,0,0,0,0,0,0,0,0,0,0,0,0,0,0,0,0,0,0,0,0,0,0,0,0,0,0,0,0,0,0,0,0,0,0,0,0,0,0,0,0,0,0,0,0,0,0,0,0,0,0,0,0,0,0,0,0,0,0,0,0,0,0,0,0
LOR060C1659,0,0,0,0,0,0,0,0,0,0,0,0,0,0,0,0,0,0,0,0,0,0,0,0,0,0,0,0,35.618359,0,0,0,0,0,0,0,0,103.605138,0,0,0,0,0,0,0,0,0,0,0,0,0,0,0,0,0,0,0,0,0,0,0,0,0,0,0,0,0,0,0,0,0,0,0,0,0,0,0,0,0,0,0,0,0,0,0,0,0,0,0,0,0,0,0,0,0,0,0,0,0,0,0,0,0,0,0,0,0,0,0,0,18.9177098,0,0,0,0,0,0,0,0,0,0,0,0,0
LOR060C538,0,0,0,0,0,0,0,0,173.5074669,0,0,0,0,0,0,0,0,0,0,0,0,0,0,0,0,0,0,0,0,0,0,0,0,0,0,0,0,226.3374126,0,0,0,0,0,0,0,0,0,0,0,0,0,0,0,0,0,0,0,0,0,0,0,0,0,0,0,0,0,0,0,0,0,0,0,0,0,0,0,0,0,0,0,0,0,0,0,0,0,0,0,0,0,0,0,0,0,0,0,0,0,0,0,0,0,0,0,0,0,0,0,0,0,0,0,0,0,0,0,0,0,0,0,0,0,0
LOR061C7108,0,0,0,0,0,0,0,0,0,0,0,0,0,0,0,0,0,0,0,0,0,0,0,0,0,0,0,0,0,0,0,0,0,0,0,0,0,0,177.5441185,0,0,0,0,0,0,0,0,0,0,0,0,0,0,0,0,0,0,0,0,0,0,0,0,0,0,0,0,0,0,0,0,0,0,0,0,0,0,0,0,0,0,0,0,0,0,0,0,0,0,0,0,0,0,0,0,0,0,0,0,0,0,0,0,0,0,0,0,0,0,0,0,0,0,0,0,0,0,0,0,0,0,0,0,0
LOR062C1035,0,0,59.696865,0,0,0,140.718109,37.6658776,0,0,0,0,21.9353804,87.5453451,0,0,0,24.107594,11.9814325,73.20495,0,0,0,35.9786637,10.5967186,0,149.3647914,16.511369,49.383649,20.6235366,0,0,0,12.1686796,13.012402,23.0820248,0,0,14.405809,88.6201569,23.5729625,61.890846,42.957609,0,0,30.1569723,0,0,45.8362632,0,13.0111184,24.043386,0,7.1337267,0,0,71.0992296,201.9675113,46.4213827,13.984162,68.14668,96.6051924,63.8346448,0,0,0,8.1159572,22.5374254,0,30.4051248,8.7868008,32.238805,117.0556992,45.2791134,0,36.7861248,5.656665,0,47.1975525,48.208272,13.250921,50.807897,116.638914,26.3633545,30.725355,36.7536897,58.6772482,37.85943,0,54.189672,27.7259164,29.561454,38.9366846,27.041091,0,0,16.7425104,0,0,88.0666668,60.2880188,154.5348926,61.583028,0,25.5430548,74.437586,78.6521351,39.930051,0,0,6.3535481,68.8791325,0,17.8652355,0,0,0,129.122658,11.24442,35.2390213,10.8039848,0,38.6683824,42.2348544
LOR062C8526,0,0,0,0,0,0,0,0,0,0,0,0,0,0,0,0,0,0,0,0,0,0,0,0,0,0,0,0,0,0,0,0,0,0,0,0,0,0,0,324.7700602,0,0,0,0,0,0,0,0,0,0,0,0,0,0,0,0,0,0,0,0,0,0,0,0,0,0,0,0,0,0,0,0,0,0,0,0,0,0,0,0,0,0,0,0,0,0,0,0,0,0,0,0,0,0,0,0,0,0,0,0,0,0,0,0,0,0,0,0,0,0,0,0,0,0,0,0,0,0,0,0,0,0,0,0
LOR063C2228,0,0,0,0,0,0,0,0,0,0,0,0,0,0,0,0,0,0,0,0,0,0,0,0,0,0,0,0,0,0,0,0,0,0,0,0,0,0,0,0,8496.876113,0,0,0,0,0,0,0,0,0,0,0,0,0,0,0,0,0,0,0,0,0,0,0,0,0,0,0,0,0,0,0,0,0,0,0,0,0,0,0,0,0,0,0,0,0,0,0,0,0,0,0,0,0,0,0,0,0,0,0,0,0,0,0,0,0,0,0,0,0,0,0,0,0,0,0,0,0,0,0,0,0,0,0
LOR063C2267,0,0,0,0,0,0,0,0,0,0,0,0,0,0,0,0,0,0,0,0,0,0,0,0,0,0,0,0,0,0,0,0,0,0,0,0,0,0,0,0,276.4131702,0,0,0,0,0,0,0,0,0,0,0,0,0,0,0,0,0,0,0,0,0,0,0,0,0,0,0,0,0,0,0,0,0,0,0,0,0,0,0,0,0,0,0,0,0,0,0,0,0,0,0,0,0,0,0,0,0,0,0,0,0,0,0,0,0,0,0,0,0,0,0,0,0,0,0,0,0,0,0,0,0,0,0
LOR074C3333_1,0,0,0,0,0,0,0,0,0,0,0,0,0,0,0,0,0,0,0,0,0,0,0,0,0,0,0,0,0,0,0,0,0,0,0,0,0,0,0,0,0,0,0,0,45.0047352,0,0,0,0,0,0,0,0,0,0,0,0,0,0,0,0,0,0,0,0,0,0,0,0,0,0,0,0,0,0,0,0,0,0,0,0,0,0,0,0,0,0,0,0,0,0,0,0,0,0,0,0,0,0,0,0,0,0,0,0,0,0,0,0,0,0,0,0,0,0,0,0,0,0,0,0,0,0,0
LOR074C924,0,0,0,0,0,0,0,0,0,0,0,0,0,0,0,0,0,0,0,0,0,0,0,0,0,0,0,0,0,0,0,0,0,0,0,0,0,0,0,0,0,0,0,0,79.7594334,0,0,0,0,0,0,0,0,0,0,0,0,0,0,0,0,0,0,0,0,0,0,0,0,0,0,0,0,0,0,0,0,0,0,0,0,0,0,0,0,0,0,0,0,0,0,0,0,0,0,0,0,0,0,0,0,0,0,0,0,0,0,0,0,0,0,0,0,0,0,0,0,0,0,0,0,0,0,0
LOR081C3584,0,0,0,0,0,0,0,0,0,0,0,0,0,0,0,0,0,0,0,0,0,0,0,0,0,0,0,0,0,0,0,0,0,0,0,0,0,0,0,0,0,0,0,0,0,0,0,143.247312,0,0,0,0,0,0,0,0,0,0,0,0,0,0,0,0,0,0,0,0,0,0,0,0,0,0,0,0,0,0,0,0,0,0,0,0,0,0,0,0,0,0,0,0,0,0,0,0,0,0,0,0,0,0,0,0,0,0,0,0,0,0,0,0,0,0,0,0,0,0,0,0,0,0,0,0
LOR081C7015,0,0,0,0,0,0,0,0,0,0,0,0,0,0,0,0,0,0,0,0,0,0,0,0,0,0,0,0,0,0,0,0,0,0,3.9880412,0,32.6052468,0,0,0,0,0,0,0,0,0,0,77.3792496,0,0,0,0,0,0,0,0,0,0,0,0,0,0,0,0,0,0,0,0,0,0,0,0,0,0,0,0,0,0,0,0,0,0,0,0,0,0,0,0,0,0,0,0,0,0,0,0,0,0,0,0,0,0,0,0,0,0,0,0,0,0,0,0,0,0,0,0,0,0,0,0,0,0,0,0
LOR081C7056,0,0,0,0,0,0,0,0,0,0,0,0,0,0,0,0,0,0,0,0,0,0,0,0,0,0,0,0,0,0,0,0,0,0,0,0,0,0,0,0,0,0,0,0,0,0,0,56.2527744,0,0,0,0,0,0,0,0,0,0,0,0,0,0,0,0,0,0,0,0,0,0,0,0,0,0,0,0,0,0,0,0,0,0,0,0,0,0,0,0,0,0,0,0,0,0,0,0,0,0,0,0,0,0,0,0,0,0,0,0,0,0,0,0,0,0,0,0,0,0,0,0,0,0,0,0
LOR082C1633,0,0,0,0,0,0,0,0,0,0,0,0,0,0,0,0,0,0,0,0,0,0,0,0,0,0,0,0,0,0,0,0,0,0,0,0,0,0,0,0,0,0,0,0,0,0,0,0,101.9517968,0,0,0,0,0,0,0,0,0,0,0,0,0,0,0,0,0,0,0,0,0,0,0,0,0,0,0,0,0,0,0,0,0,0,0,0,0,0,0,0,0,0,0,0,0,0,0,0,0,0,0,0,0,0,0,0,0,0,0,0,0,0,0,0,0,0,0,0,0,0,0,0,0,0,0
LOR082C2429,0,0,0,0,0,0,0,0,0,0,0,0,0,0,0,0,0,0,0,0,0,0,0,0,0,0,0,0,0,0,0,0,0,0,0,0,0,0,0,0,0,0,0,0,0,0,0,0,151.0784464,0,0,0,0,0,0,0,0,0,0,0,0,0,0,0,0,0,0,0,0,0,0,0,0,0,0,0,0,0,0,0,0,0,0,0,0,0,0,0,0,0,0,0,0,0,0,0,0,0,0,0,0,0,0,0,0,0,0,0,0,0,0,0,0,0,0,0,0,0,0,0,0,0,0,0
LOR082C5384,0,0,0,0,0,0,0,0,0,0,0,0,0,0,0,92.397965,0,0,0,0,0,0,8.631995,0,0,0,0,0,30.3232447,0,0,0,0,0,0,0,0,0,210.95393,0,0,0,0,74.7555423,0,0,0,0,39.4135056,0,0,0,0,0,0,0,0,0,0,0,7.821555,0,0,0,0,0,0,0,0,0,0,0,8.7670044,0,0,0,0,10.6046496,0,0,0,32.601912,0,38.5596667,0,0,0,0,0,0,0,0,0,0,0,0,44.9886318,0,0,0,0,25.441526,0,0,0,0,0,0,0,0,0,0,0,202.9129308,0,49.1337,0,0,0,0,12.5938806,0,0,0
LOR082C8885,0,0,0,0,0,0,0,0,0,0,0,0,0,0,0,0,0,0,0,0,0,0,0,0,0,0,0,0,0,0,0,0,0,0,0,0,0,0,0,0,0,0,0,0,0,0,0,0,162.3671952,0,0,0,0,0,0,0,0,0,0,0,0,0,0,0,0,0,0,0,0,0,0,0,0,0,0,0,0,0,0,0,0,0,0,0,0,0,0,0,0,0,0,0,0,0,0,0,0,0,0,0,0,0,0,0,0,0,0,0,0,0,0,0,0,0,0,0,0,0,0,0,0,0,0,0
LOR083C1413,0,0,0,0,0,0,0,0,0,0,0,0,0,0,0,0,0,0,0,0,0,0,0,0,0,0,0,0,0,0,0,0,0,0,0,0,0,0,0,0,0,0,0,0,0,0,0,0,0,249.8326232,0,0,0,0,0,0,0,0,0,0,0,0,0,0,0,0,0,0,0,0,0,0,0,0,0,0,0,0,0,0,0,0,0,0,0,0,0,0,0,0,0,0,0,0,0,0,0,0,0,0,0,0,0,0,0,0,0,0,0,0,0,0,0,0,0,0,0,0,0,0,0,0,0,0
LOR084C1035,0,0,65.713861,0,0,0,73.0060555,30.0070508,0,0,20.725785,0,20.9769337,53.6240121,0,0,0,29.06736,9.143995,0,0,0,0,21.0381423,11.3069632,0,84.9926752,14.720895,35.137214,14.3526847,14.2350008,0,0,11.500037,11.3973156,24.9734368,0,0,0,37.3870221,25.9988242,45.1504105,31.1662928,0,0,19.3139154,0,0,38.80548,0,22.9635644,18.3615306,0,7.7221377,0,0,72.5179392,110.4696433,58.0385806,18.8125382,54.7449525,136.1961438,67.4445655,0,0,0,9.096515,29.739703,0,34.2870992,9.519057,30.778099,113.3618112,45.7447986,28.4190777,43.0292776,6.636735,0,62.7402708,46.0617696,15.8119204,40.844195,128.4723405,25.9672672,36.971325,38.3969313,38.4884623,35.3711355,0,62.0653488,29.3496034,39.431254,41.1388802,0,0,0,17.567139,0,0,98.7036624,55.5729436,106.5183746,64.79106,0,28.3796172,70.821535,94.2575087,26.8729034,12.8743874,0,7.5383217,59.1590332,0,20.1891357,0,0,0,75.621294,9.81666,21.2920715,12.5349861,48.9801795,47.5244592,46.2894768
LOR084C7587,0,0,0,0,0,0,0,0,0,0,0,0,0,0,0,0,0,0,0,0,0,0,0,0,0,0,0,0,0,0,0,0,0,0,0,0,0,0,0,0,0,0,0,0,0,0,0,0,0,0,60.8897072,0,0,0,0,0,0,0,0,0,0,0,0,0,0,0,0,0,0,0,0,0,0,0,0,0,0,0,0,0,0,0,0,0,0,0,0,0,0,0,0,0,0,0,0,0,0,0,0,0,0,0,0,0,0,0,0,0,0,0,0,0,0,0,0,0,0,0,0,0,0,0,0,0
LOR084C7645,0,0,0,0,0,0,0,0,0,0,0,0,0,0,0,0,0,0,0,0,0,0,0,0,0,0,0,0,0,0,0,0,0,0,0,0,0,0,0,0,0,0,0,0,0,0,0,0,0,0,61.3921896,0,0,0,0,0,0,0,0,0,0,0,0,0,0,0,0,0,0,0,0,0,0,0,0,0,0,0,0,0,0,0,0,0,0,0,0,0,0,0,0,0,0,0,0,0,0,0,0,0,0,0,0,0,0,0,0,0,0,0,0,0,0,0,0,0,0,0,0,0,0,0,0,0
LOR085C2657,0,0,0,0,0,0,0,0,0,0,0,0,0,0,0,0,0,0,0,0,0,0,0,0,0,0,0,0,0,0,0,0,0,0,0,0,0,0,0,0,0,0,0,0,0,0,0,0,0,0,0,132.4478262,0,0,0,0,0,0,0,0,0,0,0,0,0,0,0,0,0,0,0,0,0,0,0,0,0,0,0,0,0,0,0,0,0,0,0,0,0,0,0,0,0,0,0,0,0,0,0,0,0,0,0,0,0,0,0,0,0,0,0,0,0,0,0,0,0,0,0,0,0,0,0,0
LOR090C1302,0,0,0,0,0,0,0,0,0,0,0,0,0,0,0,0,0,0,0,0,0,0,0,0,0,0,0,0,0,0,0,0,0,0,0,0,0,0,0,0,0,0,0,0,0,0,0,0,0,0,0,0,0,42.420483,0,0,0,0,0,0,0,0,0,0,0,0,0,0,0,0,0,0,0,0,0,0,0,0,0,0,0,0,0,0,0,0,0,0,0,0,0,0,0,0,0,0,0,0,0,0,0,0,0,0,0,0,0,0,0,0,0,0,0,0,0,0,0,0,0,0,0,0,0,0
LOR090C4524_1,0,0,0,0,0,0,0,0,0,0,0,0,0,0,0,0,0,0,0,0,0,0,0,0,0,0,0,0,0,0,0,0,0,0,0,0,0,0,0,0,0,0,0,0,0,0,0,0,0,0,0,0,0,454.8962862,0,0,0,0,0,0,0,0,0,0,0,0,0,0,0,0,0,0,0,0,0,0,0,0,0,0,0,0,0,0,0,0,0,0,0,0,0,0,0,0,0,0,0,0,0,0,0,0,0,0,0,0,0,0,0,0,0,0,0,0,0,0,0,0,0,0,0,0,0,0
LOR090C8240,0,0,0,0,0,0,0,0,0,0,0,0,0,0,0,0,0,0,0,0,0,0,0,0,0,0,0,0,0,0,0,0,0,0,0,0,0,0,0,0,0,0,0,0,0,0,0,0,0,0,0,0,0,93.1941963,0,0,0,0,0,0,0,0,0,0,0,0,0,0,0,0,0,0,0,0,0,0,0,0,0,0,0,0,0,0,0,0,0,0,0,0,0,0,0,0,0,0,0,0,0,0,0,0,0,0,0,0,0,0,0,0,0,0,0,0,0,0,0,0,0,0,0,0,0,0
LOR090C8710,0,0,0,0,0,0,0,0,0,0,0,0,0,0,0,0,0,0,0,0,0,0,0,0,0,0,0,0,0,0,0,0,0,0,0,0,0,0,0,0,0,0,0,0,0,0,0,0,0,0,0,0,0,893.3988879,0,0,0,0,0,0,0,0,0,0,0,0,0,0,0,0,0,0,0,0,0,0,0,0,0,0,0,0,0,0,0,0,0,0,0,0,0,0,0,0,0,0,0,0,0,0,0,0,0,0,0,0,0,0,0,0,0,0,0,0,0,0,0,0,0,0,0,0,0,0
LOR098C1736,0,0,0,0,0,0,0,0,0,0,0,0,0,0,0,0,0,0,0,0,0,0,0,0,0,0,0,0,0,0,0,0,0,0,0,0,0,0,0,0,0,0,0,0,0,0,0,0,0,0,0,0,0,0,0,700.6869714,0,0,0,0,0,0,0,0,0,0,0,0,0,0,0,0,0,0,0,0,0,0,0,0,0,0,0,0,0,0,0,0,0,0,0,0,0,0,0,0,0,0,0,0,0,0,0,0,0,0,0,0,0,0,0,0,0,0,0,0,0,0,0,0,0,0,0,0
LOR098C6070,0,0,0,0,0,0,0,0,0,0,0,0,0,0,0,0,0,0,0,0,0,0,0,0,0,0,0,0,0,0,0,0,0,0,0,0,0,0,0,0,0,0,0,0,0,0,0,0,0,0,0,0,0,0,0,4261.171277,0,0,0,0,0,0,0,0,0,0,0,0,0,0,0,0,0,0,0,0,0,0,0,0,0,0,0,0,0,0,0,0,0,0,0,0,0,0,0,0,0,0,0,0,0,0,0,0,0,0,0,0,0,0,0,0,0,0,0,0,0,0,0,0,0,0,0,0
LOR099C7072,0,0,0,0,0,0,0,0,0,0,0,0,0,0,0,0,0,0,0,0,0,0,0,0,0,0,0,0,0,0,0,0,0,0,0,0,0,0,0,0,0,0,0,0,0,0,0,0,0,0,0,0,0,0,0,0,308.8241856,0,0,0,0,0,0,0,0,0,0,0,0,0,0,0,0,0,0,0,0,0,0,0,0,0,0,0,0,0,0,0,0,0,0,0,0,0,0,0,0,0,0,0,0,0,0,0,0,0,0,0,0,0,0,0,0,0,0,0,0,0,0,0,0,0,0,0
LOR101C11088,0,0,0,0,0,0,0,0,0,0,0,0,0,0,0,0,0,0,0,0,0,0,0,0,0,0,0,0,0,0,0,0,0,0,0,0,0,0,0,0,0,0,0,0,0,0,0,0,0,0,0,0,0,0,0,0,0,601.6782178,0,0,0,0,0,0,0,0,0,0,0,0,0,0,0,0,0,0,0,0,0,0,0,0,0,0,0,0,0,0,0,0,0,0,0,0,0,0,0,0,0,0,0,0,0,0,0,0,0,0,0,0,0,0,0,0,0,0,0,0,0,0,0,0,0,0
LOR101C3205,0,0,0,0,0,0,0,0,0,0,0,0,0,0,0,0,0,0,0,0,0,0,0,0,0,0,0,0,0,0,0,0,0,0,0,0,0,0,0,0,0,0,0,0,0,0,0,0,0,0,0,0,0,0,0,0,0,27.038908,0,0,0,0,0,0,0,0,0,0,0,0,0,0,0,0,0,0,0,0,0,0,0,0,0,0,0,0,0,0,0,0,0,0,0,0,0,0,0,0,0,0,0,0,0,0,0,0,0,0,0,0,0,0,0,0,0,0,0,0,0,0,0,0,0,0
LOR101C4203,0,0,0,0,0,0,0,0,0,0,0,0,0,0,0,0,0,0,0,0,0,0,0,0,0,0,0,0,0,0,0,0,0,0,0,0,0,0,0,0,0,0,0,0,0,0,0,0,0,0,0,0,0,0,0,0,0,33.0836115,0,0,0,0,0,0,0,0,0,0,0,0,0,0,0,0,0,0,0,0,0,0,0,0,0,0,0,0,0,0,0,0,0,0,0,0,0,0,0,0,0,0,0,0,0,0,0,0,0,0,0,0,0,0,0,0,0,0,0,0,0,0,0,0,0,0
LOR101C7171,0,0,0,0,0,0,0,0,0,0,0,0,0,0,0,0,0,0,7.70118,0,0,0,0,0,0,0,0,0,13.5297561,0,0,0,0,0,0,10.6989213,0,0,0,0,13.0088298,0,0,0,0,0,0,0,12.0986376,0,0,0,0,0,0,0,20.2334328,11.180177,0,0,0,6.2310318,30.3790986,0,39.734288,0,0,0,0,113.556952,1.8361638,14.60218,14.1729984,6.203547,0,0,0,0,0,31.2109056,0,0,21.9066015,0,0,0,0,22.0534098,0,12.0337336,0,0,0,0,0,0,33.6605194,76.04061,0,7.0258104,0,3.650636,0,0,0,0,0,0,0,0,0,0,0,0,0,0,0,8.839404,0,0,0,0,16.4424192,0
LOR101C7218,0,0,0,0,0,0,0,0,0,0,0,0,0,0,0,0,0,0,10.2080225,0,0,0,0,0,0,0,0,0,15.0517437,0,0,0,0,0,0,11.261064,0,0,0,0,15.1971817,0,0,0,0,0,0,0,13.08132,0,0,0,0,0,0,0,21.8580768,12.2720072,0,0,0,6.7181316,29.3337448,0,0,0,0,0,0,125.3391488,2.1126708,14.202142,14.6192112,6.4313352,0,0,0,0,0,34.4992032,0,0,23.2375395,0,0,0,0,25.3486977,0,11.627,0,0,0,0,0,0,29.3259188,68.611332,0,6.6427452,0,0,0,0,0,0,0,0,0,0,0,0,0,0,0,0,0,8.40924,0,0,0,0,14.3342112,0
LOR101C7277,0,0,0,0,0,0,0,0,0,0,0,0,0,0,0,0,0,0,10.2037675,0,0,0,0,0,0,0,0,0,15.1993086,0,0,0,0,0,0,13.3865352,0,0,0,0,16.834713,0,0,0,0,0,0,0,13.8691224,0,0,0,0,0,0,0,22.9359816,13.2003017,0,0,0,6.2348862,34.6919458,0,44.078396,0,0,0,0,124.5804432,1.8341802,14.083375,15.1017768,6.1247178,0,0,0,0,0,35.6051808,0,0,24.0566235,0,0,11.4788583,0,21.8422582,19.4073628,12.2639784,0,0,0,0,0,0,30.3392154,62.501148,0,5.0325408,0,3.6325806,0,0,0,0,0,0,0,0,0,0,0,0,0,0,0,7.41384,0,0,0,0,17.7646584,0
LOR101C7391,0,0,0,0,0,0,0,0,0,0,0,0,0,0,0,0,0,0,6.7555525,0,0,0,0,0,0,0,0,0,10.5787885,0,0,0,0,0,0,8.8214703,0,0,0,0,11.3894448,0,0,0,0,0,0,0,10.752504,0,0,0,0,0,0,0,15.0669288,9.3178896,0,0,0,4.8800646,21.0657332,0,0,0,0,0,0,88.5168688,0,10.968044,9.9130284,0,0,0,0,0,0,24.5903616,0,0,18.2082285,0,0,0,0,15.3643917,0,9.5964728,0,0,0,0,0,0,15.509537,39.26919,0,3.5224308,0,0,0,0,0,0,0,0,0,0,0,0,0,0,0,0,0,0,0,0,0,0,10.5406392,0
LOR102C10295,0,0,0,0,0,0,0,0,0,0,0,0,0,0,0,0,0,0,0,0,0,0,0,0,0,0,0,0,0,0,0,0,0,0,0,0,0,0,0,0,0,0,0,0,0,0,0,0,0,0,0,0,0,0,0,0,0,0,52.2186567,0,0,0,0,0,0,0,0,0,0,0,0,0,0,0,0,0,0,0,0,0,0,0,0,0,0,0,0,0,0,0,0,0,0,0,0,0,0,0,0,0,0,0,0,0,0,0,0,0,0,0,0,0,0,0,0,0,0,0,0,0,0,0,0,0
LOR102C2611,0,0,0,0,0,0,0,0,0,0,0,0,0,0,0,0,0,0,0,0,0,0,0,0,0,0,0,0,0,0,0,0,0,0,0,0,0,0,0,0,0,0,0,0,0,0,0,0,0,0,0,0,0,0,0,0,0,0,51.2070223,0,0,0,0,0,0,0,0,0,0,0,0,0,0,0,0,0,0,0,0,0,0,55.5798908,0,0,0,0,0,0,0,0,0,0,0,0,0,0,0,0,0,0,0,0,0,0,0,0,0,0,0,0,0,0,0,0,0,0,0,0,0,0,0,0,0,0
LOR202C11541,0,0,0,0,0,0,0,0,0,0,0,0,0,0,0,0,0,0,0,0,0,0,0,0,0,0,0,0,0,0,0,0,0,0,0,8.605439,0,0,0,0,0,0,0,0,0,0,0,0,12.3274592,0,0,0,0,0,0,0,0,0,3.0914821,0,24.381945,0,0,0,0,0,0,0,0,0,0,23.699415,0,0,0,0,0,0,0,3.8670912,0,0,0,0,0,28.2880143,0,0,0,0,0,0,0,0,0,0,0,0,0,0,0,0,0,0,0,0,0,0,0,0,0,0,0,0,0,0,0,0,0,0,0,0,0,0
LOR202C1237,0,0,0,0,0,0,0,0,0,0,0,0,0,0,0,0,0,0,0,0,0,0,0,0,0,0,0,0,0,0,0,0,0,0,0,0,0,0,0,0,0,0,0,0,0,0,0,0,0,0,0,0,0,0,0,0,0,0,0,0,104.7396525,0,0,0,0,0,0,0,0,0,0,0,0,0,0,0,0,0,0,0,0,0,0,0,0,0,0,0,0,0,0,0,0,0,0,0,0,0,0,0,0,0,0,0,0,0,0,0,0,0,0,0,0,0,0,0,0,0,0,0,0,0,0,0
LOR202C2390,0,0,0,0,0,0,0,0,0,0,0,0,0,0,0,0,0,0,0,0,0,0,0,0,0,0,0,0,0,0,0,0,0,0,0,0,0,0,0,0,0,0,0,0,0,0,0,0,0,0,0,0,0,0,0,0,0,0,0,0,360.2761575,0,0,0,0,0,0,0,0,0,0,0,0,0,0,0,0,0,0,0,0,0,0,0,0,0,0,0,0,0,0,0,0,0,0,0,0,0,0,0,0,0,0,0,0,0,0,0,0,0,0,0,0,0,0,0,0,0,0,0,0,0,0,0
LOR203C1035,0,0,69.3360308,0,0,0,94.5221585,32.2985868,0,0,22.6243425,0,26.9741534,64.4422174,0,0,0,28.7700399,9.73433,0,0,0,0,26.0173809,11.8088386,0,101.1584952,15.482495,40.5697747,16.5425138,17.4363136,0,0,11.8546624,11.4253396,23.2270371,0,0,0,45.1934613,27.0026132,54.3881612,32.2577764,0,0,21.5135271,0,0,41.11562,0,22.2165188,22.2975744,14.140455,7.5359187,0,0,83.423844,137.0042848,56.4355729,20.8627034,54.5035575,150.5224668,63.4208687,0,32.7747072,0,8.3949564,34.024424,0,29.9213408,8.8223004,33.041199,142.7878584,42.9490836,26.6145417,42.1262464,7.008435,0,63.3005784,43.5679104,15.3660815,42.580965,139.9543635,23.9227464,39.551187,41.9846427,45.0070594,33.5309519,0,59.7130104,34.3141604,44.168148,45.8002677,0,0,0,17.2340746,0,0,95.3250228,51.824653,126.4613614,58.806494,0,27.0853704,85.333175,96.3634514,29.357958,12.9008278,0,7.9958582,59.3763043,0,19.3813347,0,0,0,94.136112,9.16425,26.1858072,13.7545247,0,50.3120232,42.6584808
LOR203C407,0,0,0,0,0,0,0,0,0,0,0,0,0,0,0,0,0,0,0,0,0,0,0,0,0,0,0,0,0,0,0,0,0,0,0,0,0,0,0,0,0,0,0,0,0,0,0,0,0,0,0,0,0,0,0,0,0,0,0,0,0,29.633985,0,0,0,0,0,0,0,0,0,0,0,0,0,0,0,0,0,0,0,0,0,0,0,0,0,0,0,0,0,0,0,0,0,0,0,0,0,0,0,0,0,0,0,0,0,0,0,0,0,0,0,0,0,0,0,0,0,0,0,0,0,0
LOR203C4194_1,0,0,0,0,0,0,0,0,0,0,0,0,0,0,0,0,0,0,0,0,0,0,0,0,0,0,0,0,0,0,0,0,0,0,0,0,0,0,0,0,0,0,0,0,0,0,0,0,0,0,0,0,0,0,0,0,0,0,0,0,0,44.6950968,0,0,0,0,0,0,0,0,0,0,0,0,0,0,0,0,0,0,0,0,0,0,0,0,0,0,0,0,0,0,0,0,0,0,0,0,0,0,0,0,0,0,0,0,0,0,0,0,0,0,0,0,0,0,0,0,0,0,0,0,0,0
LOR203C7655,0,0,0,0,0,0,0,0,0,0,0,0,0,0,0,0,0,0,0,0,0,0,0,0,0,0,0,0,0,0,0,0,0,0,0,0,0,0,0,0,0,0,0,0,0,0,0,0,0,0,0,0,0,0,0,0,0,0,0,0,0,497.1797568,0,0,0,0,0,0,0,0,0,0,0,0,0,0,0,0,0,0,0,0,0,0,0,0,0,0,0,0,0,0,0,0,0,0,0,0,0,0,0,0,0,0,0,0,0,0,0,0,0,0,0,0,0,0,0,0,0,0,0,0,0,0
LOR2041C8977,0,71.519952,250.3765496,0,173.9017028,0,237.2377875,109.220622,216.041967,0,56.9357625,0,79.5553694,170.5116751,7.3571355,0,45.2714976,89.5295366,36.4548975,138.037172,0,0,3.0371725,68.2763802,33.2074704,0,301.7836322,43.8146695,117.6940555,46.9881864,28.1611928,41.1769408,55.5957704,51.640583,48.9725728,119.5438547,0,0,27.53563,133.5788273,93.2317845,178.3519572,133.3571334,178.7925218,33.5948988,83.6256798,13.9148376,16.3534416,122.3492368,18.8350996,45.904572,53.3103144,29.5097583,31.8515544,180.3357576,0,197.5039416,362.5699599,209.8808509,43.0568086,244.212675,319.4339694,304.8398603,9.8779139,80.5576432,0,37.6850922,67.2048958,0,130.8070528,43.3698066,141.249587,421.3060632,226.298853,151.6008969,146.3437448,20.1558,8.0586711,155.1392118,219.0045312,49.4012308,163.4830932,309.895551,129.9401283,87.876591,137.0996172,117.4043876,167.4858901,97.982934,251.8573696,82.7029346,90.584268,98.4845092,142.9581615,0,5.7041256,78.6763306,201.553422,63.7053441,406.2666888,269.7211265,279.471753,239.036304,58.4874624,115.033626,281.025909,311.9748181,118.4827644,41.5371726,69.2817516,20.9998296,234.8240886,0,80.6591496,88.104458,0,68.6596742,227.45646,35.64162,71.785294,31.3156718,183.882342,143.3960196,183.56328
LOR2043C4017,0,0,0,0,0,0,0,0,0,0,0,0,0,0,0,0,0,0,0,0,0,0,0,0,0,0,0,0,0,0,0,0,0,0,0,0,0,0,0,0,0,0,0,0,0,0,0,0,0,0,0,0,0,0,0,0,0,0,0,0,0,0,0,0,0,0,0,0,0,0,0,0,0,0,58.5137412,0,0,0,0,0,0,0,0,0,0,0,0,0,0,0,0,0,0,0,0,0,0,0,0,0,0,0,0,0,0,0,0,0,0,0,0,0,0,0,0,0,0,0,0,0,0,0,0,0
LOR2043C435,0,0,0,0,0,0,0,0,0,0,0,0,0,0,0,0,0,0,0,0,0,0,0,0,0,0,0,0,0,0,0,0,0,0,0,0,0,0,0,0,0,0,0,0,0,0,0,0,0,0,0,0,0,0,0,0,0,0,0,0,0,0,0,0,0,0,0,0,0,0,0,0,0,0,44.4301812,0,0,0,0,0,0,0,0,0,0,0,0,0,0,0,0,0,0,0,0,0,0,0,0,0,0,0,0,0,0,0,0,0,0,0,0,0,0,0,0,0,0,0,0,0,0,0,0,0
LOR2043C7386,0,0,0,0,0,0,0,0,0,0,0,0,0,0,0,0,0,0,0,0,0,0,0,0,0,0,0,0,0,0,0,0,0,0,0,0,0,0,0,0,0,0,0,0,0,0,0,0,0,0,0,0,0,0,0,0,0,0,0,0,0,0,0,0,0,0,0,0,0,0,0,0,0,0,51.0146289,0,0,0,0,0,0,0,0,0,0,0,0,0,0,0,0,0,0,0,0,0,0,0,0,0,0,0,0,0,0,0,0,0,0,0,0,0,0,0,0,0,0,0,0,0,0,0,0,0
LOR2043C8928,0,0,0,0,0,0,0,0,0,0,0,0,0,0,0,0,0,0,0,0,0,0,0,0,0,0,0,0,0,0,0,0,0,0,0,0,0,0,0,0,0,0,0,0,0,0,0,0,0,0,0,0,0,0,0,0,0,0,0,0,0,0,0,0,0,0,0,0,0,0,0,0,0,0,516.8740005,0,0,0,0,0,0,0,0,0,0,0,0,0,0,0,0,0,0,0,0,0,0,0,0,0,0,0,0,0,0,0,0,0,0,0,0,0,0,0,0,0,0,0,0,0,0,0,0,0
LOR2045C7173,0,0,0,0,0,0,0,0,0,0,0,0,0,0,0,0,0,0,0,0,0,0,0,0,0,0,0,0,0,0,0,0,0,0,0,0,0,0,0,0,0,0,0,0,0,0,0,0,0,0,0,0,0,0,0,0,0,0,0,0,0,0,0,0,0,0,0,0,0,0,0,0,0,0,0,0,40.42815,0,0,0,0,0,0,0,0,0,0,0,0,0,0,0,0,0,0,0,0,0,0,0,0,0,0,0,0,0,0,0,0,0,0,0,0,0,0,0,0,0,0,0,0,0,0,0
LOR2045C7856,0,0,0,0,0,0,0,0,0,0,0,0,0,0,0,0,0,0,0,0,0,0,0,0,0,0,0,0,0,0,0,0,0,0,0,0,0,0,0,0,0,0,0,0,0,0,0,0,0,0,0,0,0,0,0,0,0,0,0,0,0,0,0,0,0,0,0,0,0,0,0,0,0,0,0,0,24.171105,0,0,0,0,0,0,0,0,0,0,0,0,0,0,0,0,0,0,0,0,0,0,0,0,0,0,0,0,0,0,0,0,0,0,0,0,0,0,0,0,0,0,0,0,0,0,0
LOR2046C5209,0,0,0,0,0,0,0,0,0,0,0,0,0,0,0,0,0,0,0,0,0,0,0,0,0,0,0,0,0,0,0,0,0,0,0,0,0,0,0,0,0,0,0,0,0,0,0,0,0,0,0,0,0,0,0,0,0,0,0,0,0,0,0,0,0,0,0,0,0,0,0,0,0,0,0,0,0,41.1292521,0,0,0,0,0,0,0,0,0,0,0,0,0,0,0,0,0,0,0,0,0,0,0,0,0,0,0,0,0,0,0,0,0,0,0,0,0,0,0,0,0,0,0,0,0,0
LOR2046C8283,0,0,0,0,0,0,0,0,0,0,0,0,0,0,0,0,0,0,0,0,0,0,0,0,0,0,0,0,0,0,0,0,0,0,0,0,0,0,0,0,0,0,0,0,0,0,0,0,0,0,0,0,0,0,0,0,0,0,0,0,0,0,0,0,0,0,0,0,0,0,0,0,0,0,0,0,0,125.691093,0,0,0,0,0,0,0,0,0,0,0,0,0,0,0,0,0,0,0,0,0,0,0,0,0,0,0,0,0,0,0,0,27.2974214,0,0,0,0,0,0,0,0,0,7.3876565,0,0,0
LOR2047C2953,0,0,0,0,0,0,0,0,0,0,0,0,0,0,0,0,0,0,0,0,0,0,0,0,0,0,0,0,0,0,0,0,0,0,0,0,0,0,0,0,0,0,0,0,0,0,0,0,0,0,0,0,0,0,0,0,0,0,0,0,0,0,0,0,0,0,0,0,0,0,0,0,0,0,0,0,0,0,397.1803689,0,0,0,0,0,0,0,0,0,0,0,0,0,0,0,0,0,0,0,0,0,0,0,0,0,0,0,0,0,0,0,0,0,0,0,0,0,0,0,0,0,0,0,0,0
LOR2047C5357,0,0,0,0,0,0,0,0,0,0,0,0,0,0,0,0,0,0,0,0,0,0,0,0,0,0,0,0,0,0,0,0,0,0,0,0,0,0,0,0,0,0,0,0,0,0,0,0,0,0,0,0,0,0,0,0,0,0,0,0,0,0,0,0,0,0,0,0,0,0,0,0,0,0,0,0,0,0,236.4306273,0,0,0,0,0,0,0,0,0,0,0,0,0,0,0,0,0,0,0,0,0,0,0,0,0,0,0,0,0,0,0,0,0,0,0,0,0,0,0,0,0,0,0,0,0
LOR2049C3118,0,0,0,0,0,0,0,0,0,0,0,0,0,0,0,0,0,0,0,0,0,0,0,0,0,0,0,0,115.0749334,0,0,0,0,0,0,0,0,0,0,0,0,0,0,0,0,0,0,0,0,0,0,0,0,0,0,0,0,0,0,0,0,0,0,0,0,0,0,0,0,0,0,0,0,0,0,0,0,0,0,0,274.9552066,0,0,0,0,0,0,0,0,0,0,0,0,0,0,0,0,0,0,0,0,0,0,0,0,0,0,0,0,0,0,0,0,0,0,0,0,0,0,0,0,0,0,0
LOR204C4076,0,0,0,0,0,0,0,0,0,0,0,0,0,0,0,0,0,0,11.2839825,0,0,0,0,0,0,0,0,0,16.4904292,0,0,0,0,0,0,13.3227395,0,0,0,0,16.7756801,0,0,0,0,0,6.3422178,0,15.4635656,0,0,0,0,0,0,0,25.6418568,14.080076,0,0,0,8.7891708,39.739404,0,0,0,0,0,0,145.3975712,2.464965,19.456255,17.9779248,7.1302518,0,0,0,0,0,40.2452736,0,0,28.0412055,0,0,0,0,28.6123388,0,16.2962824,0,0,0,0,0,0,44.4946392,92.903994,0,8.6060016,0,4.310009,0,0,0,0,0,0,0,0,0,0,0,0,0,0,0,11.55231,0,0,0,0,19.6981176,0
LOR204C8759,0,112.2074028,367.7317229,0,278.996095,0,349.339844,164.4006556,329.1735393,0,89.11449,0,114.8616472,254.3171716,12.5171059,18.355755,82.504425,139.7004203,57.2205925,200.338957,0,0,4.3790685,114.0276501,51.8463166,12.8862195,460.3680884,65.147621,177.3365832,73.0492858,48.8567304,68.7174932,94.4546602,84.2445696,74.507906,187.9013418,0,0,40.5310265,192.8783703,139.6114303,239.4856708,202.4649924,269.4273199,53.9221578,122.7899088,22.0407618,27.4096704,179.0700352,33.696738,64.9107536,79.3197474,51.2105646,50.3620821,275.9403708,23.3629116,291.7216512,529.1059094,332.539046,62.5214354,385.0658175,478.50843,464.1795679,16.9065678,133.9440056,0,60.2665,99.2313126,0,201.4083104,68.5194264,202.148449,577.3555656,345.5222832,231.5629287,235.7451528,30.922395,13.3681842,240.8974533,333.8891808,75.1125789,243.7706292,470.771469,207.7647199,133.387812,215.9732484,193.7769011,246.6970523,138.0933862,405.8826848,125.0035072,132.696716,139.9823392,218.829933,17.1590518,8.9025684,117.2551072,299.94816,95.8420104,593.6616252,409.6119094,377.4252966,380.563698,86.2676001,167.4931392,387.970076,428.6986934,173.0783439,67.2974281,111.1373919,32.4372194,345.0092477,0,121.4202255,140.2047676,0,99.4971846,312.302844,51.74424,103.9825577,44.9957956,287.663817,214.4047536,271.2750588
LOR2063C6179,0,0,0,0,0,0,0,0,0,0,0,0,0,0,0,0,0,0,0,62.691083,0,0,3.2912855,0,0,0,36.4706718,0,64.553552,0,0,0,0,0,103.102556,200.505454,0,0,0,0,0,0,0,0,35.5186248,0,16.2553122,0,0,0,0,0,0,0,0,0,0,0,0,0,0,52.3309698,0,0,0,0,0,0,0,0,0,0,0,0,0,0,0,0,0,0,0,0,0,0,51.583587,0,0,0,0,0,0,0,0,0,0,15.64232,0,0,0,0,0,0,0,0,0,0,0,0,0,0,206.9380367,0,0,0,0,0,0,0,0,0,0,0,0,0
LOR2064C8755,0,53.3938275,175.7237034,0,123.5245613,0,156.1516775,79.9907008,139.0579203,0,38.0069475,0,50.0588372,113.9504954,5.2678938,0,31.3083972,54.7396878,24.386885,85.185737,0,0,1.8417145,43.8357465,20.3625578,0,200.7348736,25.7554675,78.0233818,30.6992866,15.9205376,26.987635,40.9845184,36.4803838,33.966218,80.2622746,0,0,17.2860355,89.5548171,63.1638248,107.2410456,91.8942346,121.5485355,25.1058888,55.1185479,10.201644,12.7369584,81.3229368,12.854237,28.3297084,35.8436178,21.415638,22.1719113,124.5609972,0,133.7229432,232.5821234,142.9892772,28.248211,171.385305,209.2773636,213.4746708,6.9455287,54.461242,0,24.7617958,42.6735232,0,79.2543344,29.914911,93.63622,240.68088,155.787786,102.3817302,99.3222576,11.4261,5.596605,100.6219368,138.012336,30.5004357,111.8475064,207.319686,93.5506141,57.008601,101.2154598,76.1142226,114.4378119,61.3738888,176.4298496,56.8191312,56.384984,64.5244413,97.2120555,0,4.1552548,55.7673654,132.816288,47.7073431,286.0566408,192.1162101,181.8120084,122.437518,39.3039429,75.4484364,166.915012,199.1387443,79.8923832,30.7247885,40.3196886,13.2081705,167.4284322,0,56.3030265,63.6281487,0,48.3897662,149.518908,21.19185,48.3599606,20.9657462,88.293345,95.62587,112.24386
LOR2064C9352,0,0,123.2366131,0,107.5764648,0,113.7038035,57.3363,106.7075097,0,26.65011,0,35.4259698,81.4680487,0,0,29.1127392,43.1301724,18.2871575,66.821027,0,0,1.395527,35.2499091,15.7476514,0,165.2413126,21.9367575,59.4318151,23.0528245,16.3378344,22.3010018,28.8296256,31.7349418,26.028872,69.9398754,0,0,11.6503555,58.1131018,50.6460936,76.7902801,74.2389922,101.1601848,20.2835916,46.2005856,7.5461142,9.8413872,57.22976,12.2347798,21.0912016,25.4188698,0,16.4550906,102.919608,0,99.052632,174.6342558,107.0793738,19.5863168,137.04789,156.8225712,156.0816022,0,40.9888772,0,20.0053426,28.5389174,0,62.3669232,21.9027744,69.950591,178.3522224,110.0300598,74.7477918,72.9716256,10.41243,0,77.3661717,107.3515296,24.1199781,90.3250432,153.1039545,66.4973331,41.713245,83.5999164,63.4990248,79.1334719,46.8811616,127.620972,38.3508502,40.887446,44.1359457,69.350484,0,2.8172742,40.0470246,104.123166,26.6765949,206.8537716,137.7749864,120.5706436,106.555832,28.4061723,54.9345708,117.710959,141.768095,57.8201127,21.2351202,32.6343384,9.1680185,120.7570837,0,41.6200347,47.0936584,0,35.0562136,101.076822,17.86734,34.4113889,13.2058864,75.839568,71.689092,76.01193
LOR2066C8479,0,0,0,0,0,0,0,0,0,0,0,0,0,0,0,0,0,0,7.5088725,0,0,0,0,0,0,0,0,0,13.10449,0,0,0,0,0,0,9.9223255,0,0,0,0,11.9786253,0,0,0,0,0,0,0,11.7733504,0,0,0,0,0,0,0,17.6681736,10.4693435,0,0,0,5.6832252,28.3205449,0,0,0,0,0,0,111.4690064,1.8511092,14.111984,12.7763856,6.1930494,0,0,0,0,0,29.8759104,0,0,22.0738875,0,0,0,0,29.7863832,0,12.075168,0,0,0,0,0,0,30.2310582,63.997896,0,6.114528,0,2.8060516,0,0,0,0,0,0,0,0,0,0,0,0,0,0,0,7.967736,0,0,0,0,15.2215824,0
LOR2066C8904,0,0,192.7356203,0,115.5041692,0,159.896023,65.0752156,138.9231921,0,35.1573375,0,51.3146925,108.1986836,0,0,32.0748036,58.0390104,25.507245,94.184727,0,0,1.82251,50.1402804,21.2710706,0,217.2500454,27.9959995,75.8579402,32.1874503,0,32.7235228,48.50136,34.563882,33.5491124,81.6578283,0,0,15.606774,83.2498524,60.4862119,108.6714375,91.7984236,116.5949679,23.380605,55.4158098,9.8031564,11.8960416,78.4086688,14.4022132,26.7813028,33.4008708,17.434488,22.77207,126.609534,0,132.8859,244.8852204,183.1473665,26.117787,176.53545,204.1324842,221.031072,6.5411429,61.6104412,0,24.8407462,38.2956252,0,91.1406656,38.9119392,90.671986,261.2224296,188.0092458,132.8616468,116.0047056,12.37782,0,101.0978892,143.746176,32.9668039,114.3313584,196.133868,110.1657649,53.514876,88.8151446,96.8065978,132.6733725,65.9335768,221.3034256,49.6554032,53.77455,56.1063888,108.6993705,0,4.2364282,49.7184078,134.201676,45.9828726,264.6693252,178.2912083,157.5433816,151.868652,38.7861138,74.1681,167.999196,193.6332175,73.9335128,30.5824974,48.644847,11.8195387,153.0235357,0,52.201173,61.035551,0,43.1532462,134.931384,25.308,42.9217299,17.7211811,113.8129965,90.898434,118.5444612
LOR2067C3805,0,0,0,0,0,0,0,0,0,0,0,0,0,0,0,0,0,0,0,0,0,0,0,0,0,0,0,0,0,0,0,0,0,0,0,0,0,0,0,0,0,0,0,0,0,0,0,0,0,0,0,0,0,0,0,0,0,0,0,0,0,0,0,0,0,0,0,0,0,0,0,0,0,0,0,0,0,0,0,0,0,0,0,0,0,0,0,0,136.3905228,0,0,0,0,0,0,0,0,0,0,0,0,0,0,0,0,0,0,0,0,0,0,0,0,0,0,0,0,0,0,0,0,0,0,0
LOR2069C8793,0,0,255.0169357,0,173.1406236,0,258.4548365,133.4683684,216.8611851,0,55.653825,0,80.7247082,186.9072406,7.6841193,0,49.5339642,94.3528278,38.285935,143.374504,0,0,3.051539,74.4423876,34.6082386,0,326.7171156,45.856055,125.4934366,51.8244481,31.6175288,45.8254804,65.759326,53.8429548,49.7520468,122.2638217,0,0,32.739281,136.8106309,94.8286589,170.2688159,143.2431292,173.585551,36.766602,83.2105872,15.0229524,18.1755936,127.6913848,20.3430678,43.6788688,56.8038444,33.2423076,32.4260118,184.9599468,0,213.2990496,395.2028112,217.0999334,45.2849808,255.3559575,322.3037454,309.6735068,10.5864386,93.7385992,0,38.6902706,66.0631832,0,131.8255008,43.8743592,136.65891,408.6827316,230.3074296,153.8522856,152.6948392,20.278125,8.8358877,158.9266512,221.5059168,48.4853846,166.8399656,324.812817,135.0041116,93.463665,144.2870793,139.7405739,167.3463329,98.06839,259.3701632,112.2945798,91.387394,103.0275939,137.8037535,0,6.2408138,79.0623528,191.38956,57.2470893,397.4207328,262.744437,287.240998,253.440848,54.637602,110.7332424,273.848323,294.2566954,119.4129412,44.4463124,82.3942881,21.8946921,227.8723812,0,79.7863905,101.2595823,0,69.4149024,240.27192,35.75988,78.5412026,33.6283122,178.273053,139.7383188,178.5493476
LOR2069C9089,0,0,196.4989462,0,145.8815687,0,194.955943,88.479922,169.7075766,0,51.4268175,0,66.3969253,147.230023,0,0,43.7749446,83.6736747,30.5977975,114.676471,0,0,2.4384405,59.4289206,31.0680786,0,246.5523286,39.7988955,94.3312237,42.2583836,26.9102192,37.7008998,47.5569742,44.4287426,39.3037956,99.9621561,0,0,22.6572445,112.908426,74.0454029,137.6797292,108.4741084,136.9862246,29.0563554,68.2339788,12.3473928,14.127888,99.8176984,18.1692998,36.2677728,45.1238772,30.0093189,26.1816732,143.6488668,0,166.7480472,295.6600594,173.4690734,35.4667486,201.398085,265.5373248,245.2335707,9.1027322,76.3954968,0,32.7439588,57.4811146,0,115.8761472,35.1626616,109.769256,317.6052264,180.8191188,123.1567704,127.5858072,18.93696,7.3360269,144.3840147,181.3720608,44.5687422,130.596074,260.5258215,107.7541657,80.792571,116.8330527,103.2929735,133.7496231,79.8546644,207.8757808,95.4926232,78.816026,79.9319114,115.3062855,0,4.8614684,63.2261026,160.193274,50.3754537,320.60448,217.08153,222.0435228,251.040512,49.2362412,91.8357984,219.433862,248.7231556,97.3224378,36.0587913,75.6712989,19.6457261,193.6361336,0,65.5983636,80.029812,0,54.6303762,187.408368,31.94595,57.4947331,26.300743,173.656875,118.278084,165.4842492
LOR206C1305,0,0,0,0,0,0,0,0,0,0,0,0,0,0,0,0,0,0,0,0,0,0,0,0,0,0,0,0,0,0,0,0,0,0,0,0,0,0,0,0,0,0,0,0,0,0,0,0,0,0,0,0,0,0,0,0,0,0,0,0,0,0,0,83.3111861,0,0,0,0,0,0,0,0,0,0,0,0,0,0,0,0,0,0,0,0,0,0,0,0,0,0,0,0,0,0,0,0,0,0,0,0,0,0,0,0,0,0,0,0,0,0,0,0,0,0,0,0,0,0,0,0,0,0,0,0
LOR206C1567,0,0,0,0,0,0,0,0,0,0,0,0,0,0,0,0,0,0,0,0,0,0,0,0,0,0,0,0,26.7096599,0,0,0,0,0,0,0,0,0,0,0,0,0,0,0,0,0,0,0,0,0,0,0,0,0,0,0,0,0,0,0,0,0,0,137.3977215,0,0,0,0,0,0,0,0,0,0,0,0,0,0,0,0,0,10.043166,0,0,0,0,0,0,0,0,0,0,0,0,0,0,0,0,0,0,0,0,0,0,0,0,0,0,0,0,0,0,0,0,0,0,0,0,0,0,0,0,0,0
LOR206C195,0,0,0,0,0,0,0,0,0,0,0,0,0,0,0,0,0,0,0,0,0,0,0,0,0,0,0,0,0,0,0,0,0,0,0,0,0,0,0,0,0,0,0,0,0,0,0,0,0,0,0,0,0,0,0,0,0,0,0,0,0,0,0,51.2968746,0,0,0,0,0,0,0,0,0,0,0,0,0,0,0,0,0,0,0,0,0,0,0,0,0,0,0,0,0,0,0,0,0,0,0,0,0,0,0,0,0,0,0,0,0,0,0,0,0,0,0,0,0,0,0,0,0,0,0,0
LOR206C2848,0,0,0,0,0,0,0,0,0,0,0,0,0,0,0,0,0,0,0,0,0,0,0,0,0,0,0,0,0,0,0,0,0,0,0,0,0,0,0,0,0,0,0,0,0,0,0,0,0,0,0,0,0,0,0,0,0,0,0,0,0,0,0,283.6197842,0,0,0,0,0,0,0,0,0,0,0,0,0,0,0,0,0,0,0,0,0,0,0,0,0,0,0,0,0,0,0,0,0,0,0,0,0,0,0,0,0,0,0,0,0,0,0,0,0,0,0,0,0,0,0,0,0,0,0,0
LOR206C698,0,0,0,0,0,0,0,0,0,0,0,0,0,0,0,0,0,0,0,0,0,0,0,0,0,0,0,0,0,0,0,0,0,0,0,0,0,0,0,0,0,0,0,0,0,0,0,0,0,0,0,0,0,0,0,0,0,0,0,0,0,0,0,2135.737986,0,0,0,0,0,0,0,0,0,0,0,0,0,0,0,0,0,0,0,0,0,0,0,0,0,0,0,0,0,0,0,0,0,0,0,0,0,0,0,0,0,0,0,0,0,0,0,0,0,0,0,0,0,0,0,0,0,0,0,0
LOR208C2109,0,0,0,0,0,0,0,0,0,0,0,0,0,0,0,0,0,0,0,0,0,0,0,0,0,0,0,0,0,0,0,0,0,0,0,0,0,0,0,0,0,0,0,0,0,0,0,0,0,0,0,0,0,0,0,0,0,0,0,0,0,0,0,0,0,1606.915947,0,0,0,0,0,0,0,0,0,0,0,0,0,0,0,0,0,0,0,0,0,0,0,0,0,0,0,0,0,0,0,0,0,0,0,0,0,0,0,0,0,0,0,0,0,0,0,0,0,0,0,0,0,0,0,0,0,0
LOR210C8283,0,0,0,0,0,0,0,0,0,0,0,0,0,0,0,0,0,0,0,0,0,0,0,0,0,0,0,0,0,0,0,0,0,0,0,0,0,0,0,0,0,0,0,0,0,0,0,0,0,0,0,0,0,0,0,0,0,0,0,0,0,0,0,0,0,0,37.1512518,0,0,0,0,0,0,0,0,0,0,63.6515163,0,0,0,0,0,0,0,0,0,0,0,0,0,0,0,0,0,0,0,0,0,0,0,0,0,0,0,0,0,0,0,0,21.8943512,0,0,0,0,0,0,0,0,0,6.1383973,0,0,0
LOR210C8329,0,0,0,0,0,0,0,0,0,0,0,0,0,0,0,0,0,0,0,0,0,0,0,0,0,0,0,0,0,0,0,0,0,0,0,10.0721331,0,0,0,0,0,0,0,0,0,0,0,0,0,0,0,0,0,0,0,0,0,0,0,0,0,0,0,0,0,0,21.3798814,0,0,0,0,0,0,0,0,0,0,0,0,0,0,39.4971598,0,0,0,0,0,0,0,0,0,0,0,0,0,347.8710404,0,0,0,0,0,0,0,0,0,0,0,0,0,0,0,0,0,0,0,0,0,0,0,0,0,0,0,0
LOR210C8400,0,0,0,0,0,0,0,0,0,0,0,0,0,0,0,0,0,0,0,0,0,0,0,0,0,0,0,0,0,0,0,0,0,0,0,0,0,0,0,0,0,0,0,0,0,0,0,0,0,0,0,0,0,0,0,0,0,0,0,0,0,0,0,0,0,0,32.5483818,0,0,0,0,0,0,0,0,0,0,0,0,0,0,0,0,0,0,0,0,0,0,0,0,0,0,0,0,0,0,0,0,0,0,0,0,0,0,0,0,0,0,0,0,0,0,0,0,0,0,0,0,0,0,0,0,0
LOR210C8642,0,0,0,0,0,0,0,0,0,0,0,0,0,0,0,0,0,0,0,0,0,0,0,0,0,0,0,0,0,0,0,0,0,0,0,0,0,0,0,0,0,0,0,0,0,0,0,0,0,0,0,0,0,0,0,0,0,0,0,0,0,0,0,0,0,0,131.121143,0,0,0,0,0,0,0,0,0,0,0,0,0,0,0,0,0,0,0,0,0,0,0,0,0,0,0,0,0,0,0,0,0,0,0,0,0,0,0,0,0,0,0,0,0,0,0,0,0,0,0,0,0,0,0,0,0
LOR210C8770,0,71.8528788,228.9831937,0,185.8192609,0,211.217076,96.2906876,215.4132354,0,55.6896225,0,66.0706345,155.6254214,7.5056306,0,48.6932988,87.3200923,33.3615125,119.821975,0,0,2.5173825,66.801336,33.253454,7.3807745,273.2093704,40.5053985,104.4345253,43.6075511,27.7738448,43.0692964,55.3163226,48.6577128,45.14915,112.9255516,0,0,25.145043,124.2598598,84.4898619,147.0922297,125.4628344,163.7942199,35.1377574,72.8068419,14.5279302,17.6981136,108.0047696,18.9927978,40.1583756,49.6758174,32.2487895,32.0145345,171.973944,0,180.5512464,315.7142793,196.3517997,38.3027482,228.9359625,282.2227596,283.7060641,10.2245303,80.501118,0,38.6332166,59.6800106,0,124.6554912,40.5563436,126.462089,339.107076,207.644715,138.3395382,142.1594752,19.64865,7.3791567,152.711091,201.6298368,47.4576319,147.0643258,276.5793975,125.3422728,79.862502,131.8294341,119.1630524,149.8914366,86.6156074,238.7979232,75.4788372,83.490578,86.1760581,133.124964,0,5.4752136,73.0625236,192.729012,65.2210737,368.5925628,250.2414147,229.993258,242.472962,55.0855674,104.9542992,235.435016,277.4060342,109.8155611,40.6246309,76.1009769,21.9760211,221.6307164,0,77.3218503,90.6448516,0,66.1903754,197.317008,32.97051,62.1871215,27.2488202,189.1573845,131.6094936,185.9200308
LOR212C9126,0,92.8169868,299.0514597,0,232.5277437,0,316.1068225,156.0961368,252.6653304,0,76.67631,0,88.409455,222.4374993,0,0,62.097249,116.5350046,45.786575,176.563569,0,0,3.4531815,91.2633624,43.2272776,10.190785,381.5220802,56.047572,147.7156863,60.7703379,40.1556872,50.7580414,73.1405724,60.0230244,58.3833936,142.4096054,0,0,36.898978,176.1339103,109.7531867,185.2542241,166.7661654,203.4428121,41.4356418,104.0147082,17.7694446,19.186416,153.0275712,25.2903904,56.9563652,65.7602202,42.0698442,37.881459,215.8155756,19.1369268,254.7000288,470.8459287,261.0528438,57.8053536,302.73054,420.5150838,370.666404,13.5060152,100.2349436,0,45.0213114,91.6795096,0,160.1567568,52.4884158,158.012875,437.600196,272.6715636,176.4254718,190.7436712,24.41061,10.8885141,209.6047647,260.0363136,62.8773264,200.3595664,412.057758,155.6400283,113.807967,169.6342284,157.4373983,201.3291596,113.860964,310.1785224,108.3895098,120.368006,128.2982844,168.0876645,0,6.7217298,92.1083714,234.724608,75.4530687,499.2067584,328.7907306,372.5021058,305.519386,70.035003,139.6648044,290.943927,372.4957671,144.6568396,54.8815729,90.8901405,28.0354699,297.822707,0,97.8891318,110.8839796,0,83.508513,300.47157,44.99667,92.4527023,42.2291954,225.460956,177.2624172,215.6027652
LOR212C9321,0,80.7823947,216.8078525,0,142.7996262,0,189.287693,113.847762,196.97061,0,61.5546075,0,66.3559438,141.9666078,0,12.32,45.997095,87.0806706,30.8358925,101.66884,0,0,2.7667755,60.5792166,31.1157938,0,240.3993206,38.258262,94.9395727,41.1528035,35.6791056,38.6381144,48.746909,42.2386852,39.937364,98.8775685,0,0,22.535357,107.6826397,77.5984025,139.0292249,108.5947658,139.2302378,27.998559,64.9598859,12.638352,11.3922864,110.0695232,0,45.7174396,44.3084478,36.0565383,28.1594934,147.047922,16.9487451,157.2788448,292.5648645,186.7407227,39.999503,200.9088375,317.2008264,248.3780813,9.793351,81.1825732,0,33.103399,71.7344348,0,114.313792,35.91171,113.811421,359.3128176,185.93874,126.4593141,134.7014944,20.68101,9.6343758,150.1052607,181.7189472,45.4081686,134.9520256,295.8206685,108.1651435,88.900011,114.0657336,104.173865,135.5114679,80.3577866,214.1159464,66.3577382,96.956084,89.2148235,113.7380895,0,5.3296336,63.61941,151.084896,49.7730168,335.7857916,210.9479227,229.0280278,232.874462,46.4080233,96.9077124,237.82546,264.4321141,94.8600996,41.4909019,67.4721009,20.4446496,188.4430801,0,66.9028875,73.4542577,0,56.5856826,185.51925,31.482,57.3995044,27.2603506,188.253681,127.1063052,162.671436
LOR216C3877,0,0,0,0,0,0,0,0,0,0,0,0,0,0,0,0,0,0,0,0,0,0,0,0,0,0,0,0,0,0,0,0,0,0,0,0,0,0,0,0,0,0,0,0,0,0,0,0,0,0,0,0,0,0,0,0,0,0,0,0,0,0,0,0,0,0,0,0,0,0,0,132.694398,0,0,0,0,0,0,0,0,0,0,0,0,0,0,0,0,0,0,0,0,0,0,0,0,0,0,0,0,0,0,0,0,0,0,0,0,0,0,0,0,0,0,0,0,0,0,0,0,0,0,0,0
LOR216C8755,0,55.3722114,183.2659963,0,136.8425296,0,162.807351,84.935322,158.9560644,0,40.835595,0,58.2479817,125.4958652,0,0,37.9997352,67.3878296,25.7581975,98.224399,0,0,2.1085125,49.1804145,24.0744348,0,219.406806,30.320724,82.8745211,33.7998652,19.3782488,31.113508,44.4561032,39.9350128,35.7763424,89.4809657,0,0,20.088453,94.2117421,68.053219,123.3519966,100.136852,131.0837027,27.8751438,63.7353522,10.4799528,14.0448672,89.5052984,14.1835028,31.3223428,39.7808874,20.6954922,24.5556171,136.0387332,10.6124601,142.5560472,252.3664654,160.8787551,31.470166,182.110635,228.4318044,228.6374643,8.8025143,65.4097904,0,28.217315,46.979884,0,94.6882736,32.0136624,106.690037,280.9098072,167.177682,113.6485143,110.6460376,14.00742,5.7460923,116.4091761,158.0636736,36.6546124,120.601068,228.2907795,99.5551255,65.043447,105.0143094,88.6254804,124.5044774,72.8732144,195.285884,57.9725978,63.28384,70.0933068,108.2589585,0,4.4054516,60.01417,143.365212,51.4490955,304.1400852,205.7910789,193.4362408,172.65608,43.6347405,82.860858,195.547594,219.4026024,89.4045768,31.770228,56.9917836,16.0916001,174.3404598,0,60.0936261,69.9717191,0,50.2408506,160.227144,25.61139,52.4580385,22.5784118,128.2750035,105.0362532,131.856624
LOR224C3788,0,0,0,0,0,0,0,0,0,0,0,0,0,0,0,0,0,0,0,0,0,0,0,0,0,0,0,0,0,0,0,0,0,0,0,0,0,0,0,0,0,0,0,0,0,0,0,0,0,0,0,0,0,0,0,0,0,0,0,0,0,0,0,0,0,0,0,0,0,0,0,0,0,0,0,0,0,0,0,90.0945696,0,0,0,0,0,0,0,0,0,0,0,0,0,0,0,0,0,0,0,0,0,0,0,0,0,0,0,0,0,0,0,0,0,0,0,0,0,0,0,0,0,0,0,0
LOR224C3873_1,0,0,0,0,0,0,0,0,0,0,0,0,0,0,0,0,0,0,6.7697975,0,0,0,0,0,0,0,0,0,12.2981075,0,0,0,0,0,0,8.805142,0,0,0,0,10.0229595,0,0,0,0,0,0,0,0,0,0,0,0,0,0,0,13.5027648,6.5202685,0,0,0,0,25.6867415,0,0,0,0,0,0,0,0,0,12.2681592,5.6124738,0,0,0,0,0,28.1130528,0,0,0,0,0,0,0,0,0,0,0,0,0,0,0,0,0,0,0,0,0,0,0,0,0,0,0,0,0,0,0,0,0,0,0,0,0,6.426126,0,0,0,0,0,0
LOR224C8751,0,95.097654,373.5843908,0,253.3763582,0,320.5926325,156.5958296,302.2369821,0,77.2319775,0,104.0260085,230.0397199,11.7238823,15.055975,77.571888,128.3044791,54.8115225,177.644012,0,0,3.9930905,99.0846738,45.5813878,10.932119,415.819654,58.926301,160.4635921,62.0536444,42.8205192,60.4052456,90.8909402,77.2043978,70.004178,171.9192746,0,0,33.5771705,183.974125,134.817821,229.0919099,190.6434386,254.2963591,50.8256502,117.1061307,21.55086,24.8229984,173.1645216,29.6896034,60.8442968,73.4706384,47.1981552,45.422559,271.3550184,23.1194598,260.505504,480.2789176,306.9144897,58.2112888,357.87759,435.110514,444.7464079,14.8692162,115.5397608,0,54.0452496,92.4399882,0,183.9322176,64.2727782,189.090789,509.6530692,328.3794108,221.4489645,212.8651032,25.73319,11.7817704,213.8599755,309.815184,70.8543451,227.7744056,424.80942,195.4792853,124.553655,203.127561,172.3704581,246.7314228,134.4302232,365.1132888,117.3392532,124.698274,139.5241914,210.582645,0,9.0532186,112.2936058,284.281896,103.505139,588.0424284,388.1260791,361.0803746,348.3979,83.6540211,159.563466,355.345082,418.5123486,169.7835692,64.1732861,100.0087317,30.5877395,346.8653268,0,120.4122762,134.8858185,0,94.1795748,302.000454,49.84389,97.6379166,44.9848119,260.019018,203.1476844,245.0513484
LOR224C8755,0,53.0460732,203.3437619,0,140.444808,0,196.8781255,84.3095564,164.3840466,0,48.4920675,0,59.3090773,137.9109475,0,0,41.8206618,72.6599811,28.5515125,109.488652,0,0,2.3937185,54.2441718,28.5551422,0,247.6189594,31.9215715,95.0241964,38.181686,21.7905024,33.7750182,51.0702806,42.7831576,41.6474608,100.1465627,0,0,18.4233205,110.5320637,75.8434945,134.5354585,110.0099558,142.7786091,28.4477094,67.3022844,11.9844468,13.798896,100.9270528,16.6980056,36.9949328,40.3372644,24.5560281,26.313309,150.5819664,0,161.0527968,295.1904861,177.5194624,35.9646588,214.289985,263.2253418,261.812544,7.286525,66.8184164,0,30.6010414,56.6740272,0,111.0029456,36.7157178,113.239058,320.1013728,195.7407768,128.9983167,127.9149088,16.17924,7.3267848,125.1846621,192.4868736,40.7167758,135.0793486,261.036867,113.3129548,73.901469,109.7903898,94.263186,145.1776198,68.592937,219.7434144,68.5784294,72.069304,82.9804129,125.3046375,0,4.9571998,65.7981518,167.173632,53.6976738,343.3367196,231.379226,223.4174558,198.430304,49.8779562,94.9452696,224.859915,239.4785755,94.8436601,35.9436364,58.9374009,17.8769908,197.8349339,0,67.8028956,65.2279418,0,55.5165174,185.202486,28.99764,55.6193533,26.2588459,134.8581465,123.2035152,143.489826
LOR226C2095,0,0,0,0,0,0,0,0,0,0,0,0,0,0,0,0,0,0,0,0,0,0,0,0,0,0,0,0,0,0,0,0,0,0,0,0,0,0,0,0,0,0,0,0,0,0,0,0,0,0,0,0,0,0,0,0,0,0,0,0,0,0,0,0,0,0,0,0,0,0,0,0,0,0,0,0,0,0,0,0,0,71.3527724,0,0,0,0,0,0,0,0,0,0,0,0,0,0,0,0,0,0,0,0,0,0,0,0,0,0,0,0,0,0,0,0,0,0,0,0,0,0,0,0,0,0
LOR226C291,0,0,0,0,0,0,0,0,0,0,0,0,0,0,0,0,0,0,0,0,0,0,0,0,0,0,0,0,0,0,0,0,0,0,0,0,0,0,0,0,0,0,0,0,0,0,0,0,0,0,0,0,0,0,0,0,0,0,0,0,0,0,0,0,0,0,0,0,0,0,0,0,0,0,0,0,0,0,0,0,0,69.8800396,0,0,0,0,0,0,0,0,0,0,0,0,0,0,0,0,0,0,0,0,0,0,0,0,0,0,0,0,0,0,0,0,0,0,0,0,0,0,0,0,0,0
LOR226C2977,0,0,0,0,0,0,0,0,0,0,0,0,0,0,0,0,0,10.1407866,0,0,0,0,0,0,0,0,0,0,0,0,0,0,0,0,3.6699236,2.6840326,0,0,0,0,0,0,0,0,3.4129698,0,0,0,0,0,0,18.9633984,0,0,0,0,165.0134808,0,0,0,0,0,0,0,0,0,0,0,0,0,0,0,0,0,0,0,0,0,0,19.148976,0,44.4800342,76.8066915,0,0,40.644513,0,0,0,0,0,0,27.7695616,0,0,4.0849748,0,0,0,0,0,6.6697796,0,0,0,0,0,0,0,0,0,0,0,0,0,0,0,0,0,0,6.5638293,0,0,0
LOR226C4044,0,0,0,0,0,0,0,0,0,0,0,0,0,0,0,0,0,0,0,0,0,0,0,0,0,0,0,0,0,0,0,0,0,0,0,0,0,0,0,0,0,0,0,0,0,0,0,0,0,0,0,0,0,0,0,0,0,0,0,0,0,0,0,0,0,0,0,0,0,0,0,0,0,0,0,0,0,0,0,0,0,64.0397968,0,0,0,0,0,0,0,0,0,0,0,0,0,0,0,0,0,0,0,0,0,0,0,0,0,0,0,0,0,0,0,0,0,0,0,0,0,0,0,0,0,0
LOR226C8142,0,0,0,0,0,0,0,0,0,0,0,0,0,0,0,0,0,0,0,0,0,0,0,0,0,0,0,0,0,0,0,0,0,0,0,0,0,0,0,0,0,0,0,0,0,0,0,0,0,0,0,0,0,0,0,0,0,0,0,0,0,0,0,0,0,0,0,0,0,0,0,0,0,0,0,0,0,0,0,0,0,215.637002,0,0,0,0,0,0,0,0,0,0,0,0,0,0,0,0,0,0,0,0,0,0,0,0,0,0,0,0,0,0,0,0,0,0,0,0,0,0,0,0,0,0
LOR227C12,0,0,0,0,0,0,0,0,0,0,0,0,0,0,0,0,0,0,0,0,0,0,0,75.6088158,0,0,0,0,0,0,0,0,0,0,0,0,0,25.5740589,0,0,0,44.8756786,0,0,13.6233858,0,0,0,0,0,0,0,0,0,0,0,0,0,0,0,0,0,86.0846742,0,0,0,0,0,0,0,0,0,0,0,0,0,6.818595,0,0,701.8675104,0,0,13.4224965,0,0,0,0,0,0,0,0,7.760298,0,0,0,0,0,0,0,0,0,0,0,0,0,0,0,0,0,0,0,0,0,0,0,0,0,52.558632,0,0,0,0,0,0
LOR227C1971,0,0,0,0,0,0,0,0,0,0,0,0,0,0,0,0,0,0,0,0,0,0,0,0,0,0,0,0,0,0,0,0,0,0,0,0,0,0,0,0,0,0,0,0,0,0,0,0,0,0,0,0,0,0,0,0,0,0,0,0,0,0,0,0,0,0,0,0,0,0,0,0,0,0,0,0,0,0,0,0,0,0,43.404102,0,0,0,0,0,0,0,0,0,0,0,0,0,0,0,0,0,0,0,0,0,0,0,0,0,0,0,0,0,0,0,0,0,0,0,0,0,0,0,0,0
LOR227C4597,0,0,0,0,0,0,0,0,0,0,0,0,0,0,0,0,0,0,0,0,0,0,0,0,0,0,0,0,0,0,0,0,0,0,0,0,0,0,0,0,0,0,0,0,0,0,0,0,0,0,0,0,0,0,0,0,0,0,0,0,0,0,0,0,0,0,0,0,0,0,0,0,0,0,0,0,0,0,0,0,0,0,133.6654095,0,0,0,0,0,0,0,0,0,0,0,0,0,0,0,0,0,0,0,0,0,0,0,0,0,0,0,0,0,0,0,0,0,0,0,0,0,0,0,0,0
LOR235C8479,0,0,0,0,0,0,0,0,0,0,0,0,0,0,0,0,0,0,6.8308475,0,0,0,0,0,0,0,0,0,10.2476451,0,0,0,0,0,0,8.0308528,0,0,0,0,10.5942234,0,0,0,0,0,0,0,11.155256,0,0,0,0,0,0,0,15.37704,8.369106,0,0,0,5.4582684,20.8073285,0,0,0,0,0,0,98.1147872,0,11.594819,10.5467472,5.3466318,0,0,0,0,0,23.6838336,0,0,19.829124,0,0,0,0,16.8725433,0,14.274332,0,0,0,0,0,0,21.2971614,51.608574,0,5.065578,0,0,0,0,0,0,0,0,0,0,0,0,0,0,0,0,0,7.25697,0,0,0,0,12.7562616,0
LOR235C8843,0,0,0,0,0,0,0,0,0,0,0,0,0,0,0,0,0,0,0,0,0,0,0,0,0,0,0,0,0,0,0,0,0,0,0,0,0,0,0,0,0,0,0,0,0,0,0,0,0,0,0,0,0,0,0,0,0,0,0,0,0,0,0,0,0,0,0,0,0,0,0,0,0,0,0,0,0,0,0,0,0,0,0,0,0,0,0,0,0,33.584212,0,0,0,0,0,0,0,0,0,0,0,0,0,0,0,0,0,0,0,0,0,0,0,0,0,0,0,0,0,0,0,0,0,0
LOR238C1638,0,0,0,0,0,0,0,0,0,0,0,0,0,0,0,0,0,0,0,0,0,0,0,0,0,0,0,0,0,0,0,0,0,0,0,0,0,0,0,0,0,0,0,0,0,0,0,0,0,0,0,0,0,0,0,0,0,0,0,0,0,0,0,0,0,0,0,0,0,0,0,0,0,0,0,0,0,0,0,0,0,0,0,0,0,0,0,0,0,0,0,1639.244948,0,0,0,0,0,0,0,0,0,0,0,0,0,0,0,0,0,0,0,0,0,0,0,0,0,0,0,0,0,0,0,0
LOR238C6320,0,0,0,0,0,0,0,0,0,0,0,0,0,0,0,0,0,0,0,0,0,0,0,0,0,0,0,0,0,0,0,0,0,0,0,0,0,0,0,0,0,0,0,0,0,0,0,0,0,0,0,0,0,0,0,0,0,0,0,0,0,0,0,0,0,0,0,0,0,0,0,0,0,0,0,0,0,0,0,0,0,0,0,0,0,0,0,0,0,0,0,88.490504,0,0,0,0,0,0,0,0,0,0,0,0,0,0,0,0,0,0,0,0,0,0,0,0,0,0,0,0,0,0,0,0
LOR238C6350,0,0,0,0,0,0,0,0,0,0,0,0,0,0,0,0,0,0,0,0,0,0,0,0,0,0,0,0,0,0,0,0,0,0,0,0,0,0,0,0,0,0,0,0,0,0,0,0,0,0,0,0,0,0,0,0,0,0,0,0,0,0,0,0,0,0,0,0,0,0,0,0,0,0,0,0,0,0,0,0,0,0,0,0,0,0,0,0,0,0,0,65.042714,0,0,0,0,0,0,0,0,0,0,0,0,0,0,0,0,0,0,0,0,0,0,0,0,0,0,0,0,0,0,0,0
LOR238C9053,0,0,0,0,0,0,0,0,0,0,0,0,0,0,0,0,0,0,0,0,0,0,0,0,0,0,0,0,0,0,0,0,0,0,0,11.7179529,0,0,0,0,0,0,0,0,0,0,0,0,0,0,0,0,0,0,0,0,0,0,0,0,0,0,0,0,0,0,15.8809552,0,0,0,0,0,0,0,0,0,0,44.1285336,0,0,0,0,0,0,0,0,0,0,0,0,0,151.918792,0,0,0,0,0,0,0,0,0,0,0,0,0,0,0,0,0,0,25.7974614,0,0,0,0,0,0,0,0,0,12.4600882,0,0,0
LOR2400C2320,0,0,0,0,0,0,0,0,0,0,0,0,0,0,0,0,0,0,0,0,0,0,0,0,0,0,0,0,0,0,0,0,0,0,0,0,0,0,0,0,0,0,0,0,0,0,0,0,0,0,0,0,0,0,0,0,0,7.2197471,0,0,12.9699675,0,0,0,0,0,0,0,0,0,0,0,0,13.5838944,0,0,0,0,0,0,0,0,13.318347,0,0,0,0,24.4104479,0,0,0,0,0,0,0,0,0,0,0,0,0,0,180.80256,0,0,0,0,0,0,0,0,0,0,0,0,0,0,0,0,0,0,0,0,0
LOR2400C583,0,0,140.335425,0,103.8450966,0,0,58.8064468,97.4428014,0,0,0,27.2404681,66.0041362,0,0,31.1866392,42.500675,19.5331325,0,0,0,1.330922,0,15.3603502,0,142.9198736,17.9923835,52.0353981,18.9085948,0,22.3385352,36.165239,31.6147298,28.7653704,74.8642843,0,0,0,52.4971573,49.9418334,61.1106004,79.3874124,114.6363239,21.9434586,43.5040632,7.8811992,8.5821648,61.1945936,0,15.4500724,0,0,18.9791532,120.2942736,0,79.2600984,132.5953573,124.8767849,14.5139946,144.600225,135.7457484,192.7408034,0,0,0,22.2581018,24.8970162,0,65.1321664,26.2884798,74.678701,108.7110684,141.0654366,95.6011095,86.2651264,7.231245,0,65.2035699,119.2105824,20.4854422,91.7305326,132.4184085,86.0697372,36.829467,75.4849368,0,103.1195414,55.5706634,157.4435928,39.1656356,34.094486,38.4614527,92.4122115,0,3.6253938,47.6404446,131.68494,35.7348837,252.9256968,170.1143538,93.8894836,72.22338,34.315911,63.249678,81.273798,154.9537225,66.0010057,24.2962923,29.4226425,8.2734482,136.1730086,0,49.8872934,58.1077968,0,38.9172574,78.318954,17.65215,27.7488554,12.7693216,64.7021445,71.6393928,70.4327544
LOR2403C1748,0,0,0,0,0,0,0,0,0,0,0,0,0,0,0,0,0,0,0,0,0,0,0,0,0,0,0,0,0,0,0,0,0,0,0,0,0,0,0,0,0,0,0,0,0,0,0,0,0,0,0,0,0,0,0,0,0,0,0,0,0,0,0,0,0,0,0,0,0,0,0,0,0,0,0,0,0,0,0,0,0,0,0,0,0,0,0,0,0,0,0,0,0,0,0,0,0,0,0,0,0,0,0,0,0,263.379481,0,0,0,0,0,0,0,0,0,0,0,0,0,0,0,0,0,0
LOR2403C1976_1,0,0,0,0,0,0,7.267127,0,0,0,0,0,62.3623942,0,0,0,0,0,0,0,0,0,0,0,0,0,0,0,0,0,0,0,0,0,0,0,0,0,0,0,0,175.9776012,0,0,0,0,0,0,0,0,10.6377572,0,0,0,0,0,0,0,0,0,0,0,0,0,97.154658,0,0,0,0,0,0,79.070457,603.4534704,0,0,0,0,0,0,0,0,18.6969762,0,0,20.861451,0,0,0,0,0,94.7234574,0,0,0,0,0,0,0,0,0,0,0,0,0,0,390.349546,0,0,0,0,0,0,0,0,0,0,0,0,0,0,0,0,0,0
LOR2405C4258,0,0,0,0,0,0,0,0,0,0,0,0,0,0,0,0,0,0,0,0,0,0,0,0,0,0,0,0,0,0,0,0,0,0,0,0,0,0,0,0,0,0,0,0,0,0,0,0,0,0,0,0,0,0,0,0,0,0,0,0,0,0,0,0,0,0,0,0,0,0,0,0,0,0,0,0,0,0,0,0,0,0,0,0,0,0,0,0,0,0,0,0,0,0,0,0,0,0,0,0,0,0,0,0,0,0,0,2177.032172,0,0,0,0,0,0,0,0,0,0,0,0,0,0,0,0
LOR2407C1715,0,0,0,0,0,0,0,0,0,0,0,0,0,0,0,0,0,0,0,0,0,0,0,0,0,0,0,0,0,0,0,0,0,0,0,0,0,0,0,0,0,0,0,0,0,0,0,0,0,0,0,0,0,0,0,0,0,0,0,0,0,0,0,0,0,0,0,0,0,0,0,0,0,0,0,0,0,0,0,0,0,0,0,0,0,0,0,0,0,0,0,0,0,0,0,0,0,0,0,0,0,0,0,0,0,0,0,0,0,260.9408007,0,0,0,0,0,0,0,0,0,0,0,0,0,0
LOR2407C583,0,0,211.7853215,0,150.6459612,0,199.061765,97.4224688,196.9829727,0,58.72467,0,64.0720383,143.6904204,0,0,47.6637078,94.7470391,34.47253,113.435231,0,0,2.4618635,63.3865701,33.0140122,0,265.9229646,40.7398285,95.7858923,41.7925399,0,39.5971768,52.1745992,47.5070494,43.0624468,111.1801231,0,0,0,109.1474729,82.9081477,141.5769299,120.0238754,148.70002,30.9807558,70.6217616,12.6299184,13.7052768,101.5505064,0,34.4736168,40.9586088,0,28.0474542,154.453014,0,171.3089952,318.4694138,192.3614742,35.6764516,220.6103025,271.2097314,272.0100243,0,68.48895,0,37.142411,56.31626,0,142.5792432,37.2310776,121.516087,322.7168736,200.8109718,131.8961178,140.2035672,20.702115,0,146.8052271,214.9545216,49.4904156,142.879282,268.8889455,119.3995294,80.308167,124.3724391,101.8731531,152.2640387,87.1432982,227.3115344,71.2019594,83.090906,82.2652688,127.807533,0,4.8820504,66.4978112,179.916696,0,364.5785052,244.057823,230.5784316,304.55606,51.8901489,101.3134176,225.035676,270.8724574,101.4663874,35.5912137,120.7351035,23.5407521,207.9907045,0,72.4125474,79.0070441,0,57.1050132,192.848418,36.74169,59.1449005,26.4395054,219.5559345,120.2624448,199.172034
LOR240C1792,0,0,0,0,0,0,0,0,0,0,0,0,0,0,0,0,0,0,0,0,0,0,0,0,0,0,0,0,0,0,0,0,0,0,0,0,0,0,0,0,0,0,0,0,0,0,0,0,0,0,0,0,0,0,0,0,0,0,0,0,0,0,0,0,0,0,0,0,0,0,0,0,0,0,0,0,0,0,0,0,0,0,0,0,0,0,0,0,0,0,0,0,0,58.1882595,0,0,0,0,0,0,0,0,0,0,0,0,0,0,0,0,0,0,0,0,0,0,0,0,0,0,0,0,0,0
LOR240C3671,0,0,0,0,0,0,0,0,0,0,0,0,0,0,0,0,0,0,0,0,0,0,0,0,0,0,0,0,0,0,0,0,0,0,0,0,0,0,0,0,0,0,0,0,0,0,0,0,0,0,0,0,0,0,0,0,0,0,0,0,0,0,0,0,0,0,0,0,0,0,0,0,0,0,0,0,0,0,0,0,0,0,0,0,0,0,0,0,0,0,0,0,0,72.416022,0,0,0,0,0,0,0,0,0,0,0,0,0,0,0,0,0,0,0,0,0,0,0,0,0,0,0,0,0,0
LOR240C4550,0,0,0,0,0,0,0,0,0,0,0,0,0,0,0,0,0,0,0,0,0,0,0,0,0,0,0,0,0,0,0,0,0,0,0,0,0,0,0,0,0,0,0,0,0,92.035359,0,0,0,0,0,0,0,0,0,0,0,0,0,0,0,0,0,0,0,0,0,0,0,0,0,0,0,0,0,0,0,0,0,0,0,0,0,0,0,0,0,0,0,0,0,0,0,341.302983,0,0,0,0,0,0,0,0,0,0,0,0,0,0,0,0,0,0,0,25.2663276,0,99.287055,0,0,0,0,5.0792406,0,0,0
LOR2410C1615,0,0,0,0,0,0,0,0,0,0,0,0,0,0,0,0,0,0,0,0,0,0,0,0,0,0,0,0,0,0,0,0,0,0,0,0,0,0,0,0,0,0,0,0,0,0,0,0,0,0,0,0,0,0,0,0,0,0,0,0,0,0,0,0,0,0,0,0,0,0,0,0,0,0,0,0,0,0,0,0,0,0,0,0,0,0,0,0,0,0,0,0,0,0,0,0,0,0,0,0,0,0,0,0,0,0,0,0,0,0,0,0,226.9575904,0,0,0,0,0,0,0,0,0,0,0
LOR2410C1871,0,0,0,0,0,0,0,0,0,0,0,0,0,0,0,0,0,0,0,0,0,0,0,0,0,0,0,0,0,0,0,0,0,0,0,0,0,0,0,0,0,0,0,0,0,0,0,0,0,0,0,0,0,0,0,0,0,0,0,0,0,0,0,0,0,0,0,0,0,0,0,0,0,0,0,0,0,0,0,0,0,0,0,0,0,0,0,0,0,0,0,0,0,0,0,0,0,0,0,0,0,0,0,0,0,0,0,0,0,0,0,0,153.6440888,0,0,0,0,0,0,0,0,0,0,0
LOR2410C1913,0,0,0,0,0,0,0,0,0,0,0,0,0,0,0,0,0,0,0,0,0,0,0,0,0,0,0,0,0,0,0,0,0,0,0,0,0,0,0,0,0,0,0,0,0,0,0,0,0,0,0,0,0,0,0,0,0,0,0,0,0,0,0,0,0,0,0,0,0,0,0,0,0,0,0,0,0,0,0,0,0,0,0,0,0,0,0,0,0,0,0,0,0,0,0,0,0,0,0,0,0,0,0,0,0,0,0,0,0,0,0,0,332.2225064,0,0,0,0,0,0,0,0,0,0,0
LOR2410C562,0,0,0,0,0,0,0,0,0,0,0,0,0,0,0,0,0,61.7380092,0,0,0,0,0,0,0,0,0,0,0,0,0,0,0,15.4800804,0,0,0,0,0,0,0,0,0,0,0,0,0,0,0,0,0,0,0,0,0,0,0,0,0,0,25.303635,0,0,0,0,0,4.7191368,0,0,35.1906432,0,0,0,0,179.488071,0,0,37.7783307,0,0,0,15.8998434,0,14.1208266,0,0,0,0,0,0,0,11.662346,0,0,0,0,44.229103,0,0,0,0,0,0,0,0,0,0,0,0,0,0,0,60.8618416,0,0,0,0,0,0,0,10.2695607,0,0,0
LOR2411C11368,0,0,0,0,0,0,0,0,0,0,0,0,0,0,0,0,0,0,0,0,0,0,0,0,0,0,0,0,0,0,0,0,0,0,0,0,0,0,0,0,0,0,0,0,0,0,0,0,0,0,0,0,0,0,0,0,0,0,0,0,0,0,0,0,0,0,0,0,0,0,0,0,0,0,0,0,0,0,0,0,0,0,0,0,0,0,0,0,0,0,0,0,0,0,0,0,0,0,0,0,0,0,0,0,0,0,0,0,0,0,0,0,0,75.7060725,0,0,0,0,0,0,0,0,0,0
LOR2411C12611,0,0,0,0,0,0,0,0,0,0,0,0,0,0,0,0,0,0,0,0,0,0,0,0,0,0,0,0,0,0,0,0,0,0,0,0,0,0,0,0,0,0,0,0,0,0,0,0,0,0,0,0,0,0,0,0,0,0,0,0,0,0,0,0,0,0,0,0,0,0,0,0,0,0,0,0,0,0,0,0,0,0,0,0,0,0,0,0,0,0,0,0,0,0,0,0,0,0,0,0,0,0,0,0,0,0,0,0,0,0,0,0,0,196.2018537,0,0,0,0,0,0,0,0,0,0
LOR2411C1912,0,0,0,0,0,0,0,0,0,0,0,0,0,0,0,118.68439,0,0,0,0,0,0,11.0050045,0,0,0,0,0,46.8300287,0,0,0,0,0,3.1511632,0,0,0,230.814329,0,0,0,0,85.0260728,0,0,0,0,33.4228944,0,0,0,0,11.267019,0,0,0,0,0,0,10.0328025,0,0,0,0,0,6.8876514,0,0,0,0,17.733249,9.7267104,0,0,0,0,17.4766644,0,4.9569408,0,35.467733,0,41.1530403,13.478175,0,0,0,0,0,0,0,0,0,0,7.511928,71.4314794,0,0,0,0,28.2132532,0,0,0,31.740171,0,0,25.5170734,0,0,0,0,265.5378132,0,61.0191225,0,0,0,0,17.9883683,0,0,0
LOR2411C6659,0,0,0,0,0,0,0,0,0,0,0,0,0,0,0,0,0,0,0,0,0,0,0,0,0,0,0,0,0,0,0,0,0,0,0,0,0,0,0,0,0,0,0,0,0,0,0,0,0,0,0,0,0,0,0,0,0,0,0,0,0,0,0,0,0,0,0,0,0,0,0,0,0,0,0,0,0,0,0,0,0,0,0,0,0,0,0,0,0,0,0,0,0,0,0,0,0,0,0,0,0,0,0,0,0,0,0,0,0,0,0,0,0,168.6116259,0,0,0,0,0,0,0,0,0,0
LOR2411C8882,0,0,0,0,0,0,0,0,0,0,0,0,0,0,0,0,0,0,0,0,0,0,0,0,0,0,0,0,0,0,0,0,0,0,0,0,0,0,0,0,0,0,0,0,0,0,0,0,0,0,0,0,0,0,0,0,0,0,0,0,0,0,0,0,0,0,0,0,0,0,0,0,0,0,0,0,0,0,0,0,0,0,0,0,0,0,0,0,0,0,0,0,0,0,0,0,0,0,0,0,0,0,0,0,0,0,0,0,0,0,0,0,0,78.551835,0,0,0,0,0,0,0,0,0,0
LOR2411C9230,0,0,0,0,0,0,0,0,0,0,0,0,0,0,0,0,0,0,0,0,0,0,0,0,0,0,0,0,0,0,0,0,0,0,0,0,0,0,0,0,0,0,0,0,0,0,0,0,0,0,0,0,0,0,0,0,0,0,0,0,0,0,0,0,0,0,0,0,0,0,0,0,0,0,0,0,0,0,0,0,0,0,0,0,0,0,0,0,0,0,0,0,0,0,0,0,0,0,0,0,0,0,0,0,0,0,0,0,0,0,0,0,0,44.9999655,0,0,0,0,0,0,0,0,0,0
LOR2412C1895,0,0,0,0,0,0,0,0,0,0,0,0,0,0,0,0,0,0,0,0,0,0,0,0,0,0,0,0,0,0,0,0,0,0,0,0,0,0,0,0,0,0,0,0,0,0,0,0,0,0,0,0,0,0,0,0,0,0,0,0,0,0,0,0,0,0,0,0,0,0,0,0,0,0,0,0,0,0,0,0,0,0,0,0,0,0,0,0,0,0,0,0,0,0,0,0,0,0,0,0,0,0,0,0,0,0,0,0,0,0,0,0,0,0,231.0436084,0,0,0,0,0,0,0,0,0
LOR2413C2164,0,0,0,0,0,0,0,0,0,0,0,0,0,0,0,0,0,0,0,0,0,0,0,0,0,0,0,0,0,0,0,0,0,0,0,0,0,0,0,0,0,0,0,0,0,0,0,0,0,0,0,0,0,0,0,0,0,0,0,0,0,0,0,0,0,0,0,0,0,0,0,0,0,0,0,0,0,0,0,0,0,0,0,0,0,0,0,0,0,0,0,0,0,0,0,0,0,0,0,0,0,0,0,0,0,0,0,0,0,0,0,0,0,0,0,81.298035,0,0,0,0,0,0,0,0
LOR2413C3277,0,0,0,0,0,0,0,0,0,0,0,0,0,0,0,0,0,0,0,0,0,0,0,0,0,0,0,0,0,0,0,0,0,0,0,0,0,0,0,0,0,0,0,0,0,0,0,0,0,0,0,0,0,0,0,0,0,0,0,0,0,0,0,0,0,0,0,0,0,0,0,0,0,0,0,0,0,0,0,0,0,0,0,0,0,0,0,0,0,0,0,0,0,0,0,0,0,0,0,0,0,0,0,0,0,0,0,0,0,0,0,0,0,0,0,122.0187675,0,0,0,0,0,0,0,0
LOR2413C4701,0,0,0,0,0,0,0,0,0,0,0,0,0,0,0,0,0,0,0,0,0,0,0,0,0,0,0,0,0,0,0,0,0,0,0,0,0,0,0,0,0,0,0,0,0,0,0,0,0,0,0,0,0,0,0,0,0,0,0,0,0,0,0,0,0,0,0,0,0,0,0,0,0,0,0,0,0,0,0,0,0,0,0,0,0,0,0,0,0,0,0,0,0,0,0,0,0,0,0,0,0,0,0,0,0,0,0,0,0,0,0,0,0,0,0,72.9348375,0,0,0,0,0,0,0,0
LOR2413C4856,0,0,0,0,0,0,0,0,0,0,0,0,0,0,0,0,0,0,0,0,0,0,0,0,0,0,0,0,0,0,0,0,0,0,0,0,0,0,0,0,0,0,0,0,0,0,0,0,0,0,0,0,0,0,0,0,0,0,0,0,0,0,0,0,0,0,0,0,0,0,0,0,0,0,0,0,0,0,0,0,0,0,0,0,0,0,0,0,0,0,0,0,0,0,0,0,0,0,0,0,0,0,0,0,0,0,0,0,0,0,0,0,0,0,0,70.5474525,0,0,0,0,0,0,0,0
LOR2413C4997,0,0,0,0,0,0,0,0,0,0,0,0,0,0,0,0,0,0,0,0,0,0,0,0,0,0,0,0,0,0,0,0,0,0,0,0,0,0,0,0,0,0,0,0,0,0,0,0,0,0,0,0,0,0,0,0,0,0,0,0,0,0,0,0,0,0,0,0,0,0,0,0,0,0,0,0,0,0,0,0,0,0,0,0,0,0,0,0,0,0,0,0,0,53.3535765,0,0,0,0,0,0,0,0,0,0,0,0,0,0,0,0,0,0,0,0,0,165.8281275,0,0,0,0,0,0,0,0
LOR2413C5626,0,0,0,0,0,0,0,0,0,0,0,0,0,0,0,0,0,0,0,0,0,0,0,0,0,0,0,0,0,0,0,0,0,0,0,0,0,0,0,0,0,0,0,0,0,0,0,0,0,0,0,0,0,0,0,0,0,0,0,0,0,0,0,0,0,0,0,0,0,0,0,0,0,0,0,0,0,0,0,0,0,0,0,0,0,0,0,0,0,0,0,0,0,0,0,0,0,0,0,0,0,0,0,0,0,0,0,0,0,0,0,0,0,0,0,66.4233675,0,0,0,0,0,0,0,0
LOR2413C699,0,0,0,0,0,0,0,0,0,0,0,0,0,0,0,0,0,0,0,0,0,0,0,0,0,0,0,0,0,0,0,0,0,0,0,0,0,0,0,0,0,0,0,0,0,0,0,0,0,0,0,0,0,0,0,0,0,0,0,0,0,0,0,0,0,0,0,0,0,0,0,0,0,0,0,0,0,0,0,0,0,0,0,0,0,0,0,0,0,0,0,0,0,0,0,0,0,0,0,0,0,0,0,0,0,0,0,0,0,0,0,0,0,0,0,48.4233225,0,0,0,0,0,0,0,0
LOR2415C1741,0,0,0,0,0,0,0,0,0,0,0,0,0,0,0,0,0,0,0,0,0,0,0,64.7087091,0,0,0,0,0,0,0,0,0,0,0,0,0,22.1664222,0,0,0,41.503953,0,0,10.3061808,0,0,0,0,0,0,0,0,0,0,0,0,0,0,0,0,0,79.6543636,0,0,0,0,0,0,0,0,0,0,0,0,0,6.35124,0,0,783.001296,0,0,8.6326485,0,0,0,0,0,0,0,0,7.055992,0,0,0,0,0,0,0,0,0,0,0,0,0,0,0,0,0,0,0,0,0,0,0,0,0,89.545176,0,0,0,0,0,0
LOR2415C8146,0,0,0,0,0,0,0,0,0,0,0,0,0,0,0,0,0,0,0,0,0,0,0,0,0,0,0,0,0,0,0,0,0,0,0,0,0,0,0,0,0,0,0,0,0,0,0,0,0,0,0,0,0,0,0,0,0,0,0,0,0,0,0,0,0,0,0,0,0,0,0,0,0,0,0,0,0,0,0,0,0,0,0,0,0,0,0,0,0,0,0,0,0,0,0,0,0,0,0,0,0,0,0,0,0,0,0,0,0,0,0,0,0,0,0,0,0,80.37792,0,0,0,0,0,0
LOR2416C4554,0,0,0,0,0,0,0,0,0,0,46.2732675,0,0,0,0,0,0,92.7863216,8.564575,0,0,0,0,0,27.3292656,0,0,23.883062,0,18.4325279,0,0,0,0,4.9283368,37.2940193,0,0,0,0,0,33.1135112,10.2232974,0,0,0,0,0,0,0,0,0,0,0,0,0,0,41.7688111,9.3541336,0,25.25712,41.1512388,0,0,0,0,18.35237,0,0,153.0315216,2.8117188,0,0,17.159931,0,63.7896832,21.12999,0,134.6280813,160.4926176,46.324185,22.1260886,48.4370145,21.0928896,38.258703,0,0,0,0,0,0,51.757402,0,0,0,0,0,0,0,0,0,0,492.377928,0,29.1499056,48.36702,92.0557092,0,0,104.0953815,28.5714621,0,0,0,0,0,0,0,44.10918,0,4.4735964,424.1780655,0,258.4940508
LOR2418C1746,0,0,0,0,0,0,0,0,0,0,0,0,0,0,0,0,0,0,0,0,0,0,0,0,0,0,0,0,0,0,0,0,0,0,0,0,0,0,0,0,0,0,0,0,0,0,0,0,0,0,0,0,0,0,0,0,0,0,0,0,0,0,0,0,0,0,0,0,0,0,0,0,0,0,0,0,0,0,0,0,0,0,0,0,0,0,0,0,0,0,0,0,0,0,0,0,0,0,0,0,0,0,0,0,0,0,0,0,0,0,0,0,0,0,0,0,0,0,0,0,109.9998669,0,0,0
LOR2418C2261,0,0,0,0,0,0,0,0,0,0,0,0,0,0,0,0,0,0,0,0,0,0,0,0,0,0,0,0,0,0,0,0,0,0,0,72.9563012,0,0,0,0,0,0,0,0,0,0,0,0,0,0,0,0,0,0,0,0,0,0,0,0,0,0,0,0,0,0,107.2059052,0,0,0,0,0,0,0,0,0,0,0,0,0,0,13.4969002,0,0,0,0,0,0,0,0,0,0,0,0,0,71.9597924,0,0,0,0,0,0,0,0,0,0,0,0,0,0,66.716078,0,0,0,0,0,0,0,0,0,86.6669594,0,0,0
LOR2418C280,0,0,0,0,0,0,0,0,0,0,0,0,0,0,0,0,0,0,0,0,0,0,0,0,0,0,0,0,0,0,0,0,0,0,0,0,0,0,0,0,0,0,0,0,0,0,0,0,0,0,0,0,0,0,0,0,0,0,0,0,0,0,0,0,0,0,0,0,0,0,0,0,0,0,0,0,0,0,0,0,0,0,0,0,0,0,0,0,0,0,0,0,0,0,0,0,0,0,0,0,0,0,0,0,0,0,0,0,0,0,0,0,0,0,0,0,0,0,0,0,45.7988482,0,0,0
LOR2418C5438_1,0,0,0,0,0,0,0,0,0,0,0,0,0,0,0,0,0,0,0,0,0,0,0,0,0,0,0,0,0,0,0,0,0,0,0,0,0,0,0,0,0,0,0,0,0,0,0,0,0,0,0,0,0,0,0,0,0,0,0,0,0,0,0,0,0,0,0,0,0,0,0,0,0,0,0,0,0,0,0,0,0,0,0,0,0,0,0,0,0,0,0,0,0,0,0,0,0,0,0,0,0,0,0,0,0,0,0,0,6.5940966,0,0,0,0,0,0,0,0,0,0,0,827.0245004,0,0,0
LOR2418C7086,0,0,0,0,0,0,0,0,0,0,0,0,0,0,0,0,0,0,0,0,0,0,0,0,0,0,0,0,0,0,0,0,0,0,0,0,0,0,0,0,0,0,0,0,0,0,0,0,0,0,0,0,0,0,0,0,0,0,0,0,0,0,0,0,0,0,0,0,0,0,0,0,0,0,0,0,0,0,0,0,0,0,0,0,0,0,0,0,0,0,0,0,0,0,0,0,0,0,0,0,0,0,0,0,0,0,0,0,0,0,0,0,0,0,0,0,0,0,0,0,26.6176799,0,0,0
LOR2418C7477,0,0,0,0,0,0,0,0,0,0,0,0,0,0,0,0,0,0,0,0,0,0,0,0,0,0,0,0,0,0,0,0,0,0,0,0,0,0,0,0,0,0,0,0,0,0,0,0,0,0,0,0,0,0,0,0,0,0,0,0,0,0,0,0,0,0,0,0,0,0,0,0,0,0,0,0,0,0,0,0,0,0,0,0,0,0,0,0,0,0,0,0,0,0,0,0,0,0,0,0,0,0,0,0,0,0,0,0,0,0,0,0,0,0,0,0,0,0,0,0,55.9481846,0,0,0
LOR2418C7955,0,0,0,0,0,0,0,0,0,0,0,0,0,0,0,0,0,0,0,0,0,0,0,0,34.9156938,0,0,0,0,0,0,0,0,0,0,0,66.4687548,0,0,0,0,0,0,0,0,0,0,0,0,0,0,0,0,0,0,0,0,0,11.9206332,74.8726874,0,0,0,0,0,0,0,0,0,0,0,0,0,0,0,0,0,0,0,0,0,0,0,0,0,0,0,0,0,0,0,0,0,0,0,0,0,0,0,0,0,0,0,96.8342028,30.78297,0,0,0,0,0,0,0,0,0,0,0,0,0,0,0,53.1547961,0,0,0
LOR2418C7971,0,0,0,0,0,0,0,0,0,0,0,0,0,0,0,0,0,0,0,0,0,0,0,0,0,0,0,0,0,0,0,0,0,0,0,0,0,0,0,0,0,0,0,0,0,0,0,0,0,0,0,0,0,0,0,0,0,0,0,0,0,0,0,0,0,0,0,0,0,0,0,0,0,0,0,0,0,0,0,0,0,0,0,0,0,0,0,0,0,0,0,0,0,0,0,0,0,0,0,0,0,0,0,0,0,0,0,0,0,0,0,0,0,0,0,0,0,0,0,0,43.6566291,0,0,0
LOR2418C8542,0,0,0,0,0,0,0,0,0,0,0,0,0,0,0,0,0,0,0,0,0,0,0,0,0,0,0,0,0,0,0,0,0,0,0,0,0,0,0,0,0,0,0,0,0,0,0,0,0,0,0,0,0,0,0,0,0,0,0,0,0,0,0,0,0,0,0,0,0,0,0,0,0,0,0,0,0,0,0,0,0,0,0,0,0,0,0,0,0,0,0,0,0,0,0,0,0,0,0,0,0,0,0,0,0,0,0,0,0,0,0,0,0,0,0,0,0,0,0,0,41.5272326,0,0,0
LOR2418C9895,0,0,0,0,0,0,0,0,0,0,0,0,0,0,0,0,0,0,0,0,0,0,0,0,0,0,0,0,0,0,0,0,0,0,0,0,23.191308,0,0,0,0,0,0,0,0,0,0,0,0,0,0,0,0,0,0,0,0,0,0,0,0,0,0,0,0,0,0,0,0,0,0,0,0,0,0,0,0,0,0,0,0,0,0,0,0,0,0,0,0,0,0,0,0,0,0,0,0,0,0,0,0,0,0,0,0,0,0,0,0,0,0,0,0,0,0,0,0,0,0,0,28.7193935,0,0,0
LOR2420C870,0,0,0,0,0,0,0,0,0,0,0,0,0,0,0,0,0,0,0,0,0,0,0,0,0,0,0,0,0,0,0,0,0,0,0,0,0,0,0,0,0,0,0,0,0,0,0,0,0,0,0,0,0,0,0,0,0,0,0,0,0,0,0,0,0,0,0,0,0,0,0,0,0,0,0,0,0,0,0,0,0,0,0,0,0,0,0,0,0,0,0,0,0,0,0,0,0,0,0,0,0,0,0,0,0,0,0,0,0,0,0,0,0,0,0,0,0,0,0,0,0,0,40.0866132,0
LOR2421C583,0,0,172.3685909,0,109.0190892,0,100.0334195,74.576468,129.6968334,0,42.04755,0,44.2298368,80.7083018,0,0,35.1999702,66.4822809,23.72366,0,0,0,1.977385,35.6795166,21.8935808,0,156.2886412,26.9140515,60.1792625,25.8760005,0,28.612215,41.33046,34.3774068,32.3140224,86.623149,0,0,0,61.4353828,58.2234372,96.4212664,89.326031,123.34517,23.1359664,50.0306625,9.9368892,10.098288,74.4958032,0,19.6408884,0,0,21.7923426,131.6561256,0,93.4794,163.356368,144.3952216,19.2611498,166.8387525,168.4443756,213.7708622,0,0,0,28.4634696,31.5355222,0,108.6391456,30.537864,93.061966,215.1072396,166.3741296,109.3826781,111.7127272,14.190015,0,104.9753196,171.3363456,34.1369289,105.3468094,159.481329,98.4790387,48.996066,85.509333,0,123.9884011,66.470271,180.3319312,43.3374916,49.684134,46.7527522,102.0213075,0,3.7648494,52.3705008,145.420674,41.7465396,287.098182,192.9215343,117.1271662,207.109244,43.3391757,78.7797288,165.886052,208.2268481,76.6696434,26.9149356,56.308419,16.19762,154.6987975,0,55.1603265,61.5161994,0,47.0597918,95.475114,28.30032,34.8539359,16.5048233,163.976106,86.9369268,184.6642068
LOR242C2022,0,0,0,0,0,0,0,0,0,0,0,0,0,0,0,0,0,0,0,0,0,0,0,0,0,0,0,0,0,0,0,0,0,0,0,0,0,0,0,0,0,0,0,0,0,0,0,0,0,0,0,0,0,0,0,0,0,0,0,0,0,0,0,0,0,0,0,0,0,0,0,0,0,0,0,0,0,0,0,0,0,0,0,0,0,0,0,0,0,0,0,0,0,0,0,15.5124526,0,0,0,0,0,0,0,0,0,0,0,0,0,0,0,0,0,0,0,0,0,0,0,0,0,0,0,0
LOR242C2740_1,0,0,0,0,0,0,0,0,0,0,0,0,0,0,0,0,0,0,0,0,0,0,0,0,0,0,0,0,0,0,0,0,0,0,0,0,0,0,0,0,0,0,0,0,0,0,0,0,0,0,0,0,0,0,0,0,0,0,0,0,0,0,0,0,0,0,0,0,0,0,0,0,0,0,0,0,0,0,0,0,0,0,0,0,0,0,0,0,0,0,0,0,0,0,0,24.375614,0,0,0,0,0,0,0,0,0,0,0,0,0,0,0,0,0,0,0,0,0,0,0,0,0,0,0,0
LOR242C2740_2,0,0,0,0,0,0,0,0,0,0,0,0,0,0,0,0,0,0,0,0,0,0,0,0,0,0,0,0,0,0,0,0,0,0,0,0,0,0,0,0,0,0,0,0,0,0,0,0,0,0,0,0,0,0,0,0,0,0,0,0,0,0,0,0,0,0,0,0,0,0,0,0,0,0,0,0,0,0,0,0,0,0,0,0,0,0,0,0,0,0,0,0,0,0,0,20.7371682,0,0,0,0,0,0,0,0,0,0,0,0,0,0,0,0,0,0,0,0,0,0,0,0,0,0,0,0
LOR242C4391,0,0,0,0,0,0,0,0,0,0,0,0,0,0,0,0,0,0,0,0,0,0,0,0,0,0,0,0,0,0,0,0,0,0,0,0,0,0,0,0,0,0,0,0,0,0,0,0,0,0,0,0,0,0,0,0,0,0,0,0,0,0,0,0,0,0,0,0,0,0,0,0,0,0,0,0,0,0,0,0,0,0,0,0,0,0,0,0,0,0,0,0,0,0,0,38.87488,0,0,0,0,0,0,0,0,0,0,0,0,0,0,0,0,0,0,0,0,0,0,0,0,0,0,0,0
LOR242C5793,0,0,0,0,0,0,0,0,0,0,0,0,0,0,0,256.181695,0,0,0,0,0,0,0,0,0,0,0,0,0,0,0,0,0,0,36.7622448,0,0,0,0,0,0,0,0,0,12.1194738,0,0,0,0,0,0,0,0,0,0,0,0,0,0,0,0,0,0,0,0,0,0,0,0,0,0,0,0,0,0,0,0,0,0,0,0,0,0,0,0,0,0,0,0,0,0,0,0,0,0,34.027819,0,0,0,0,0,0,0,0,0,0,0,0,0,0,0,0,0,0,0,0,0,0,0,0,0,0,0,0
LOR242C8925,0,0,0,0,0,0,0,0,0,0,0,0,0,0,0,68.617615,0,0,0,0,0,0,2.458766,0,0,0,0,0,48.229314,0,0,0,0,0,10.9567964,0,0,0,0,0,0,0,0,0,16.7654154,0,0,0,0,0,0,0,0,0,0,0,0,0,0,19.3533512,0,0,0,0,0,0,0,16.2095094,0,0,0,0,0,0,0,0,0,0,0,0,0,0,0,0,0,0,0,0,0,0,0,66.710332,0,0,0,37.7566248,0,0,0,0,0,0,0,0,0,0,0,0,0,0,9.8274165,0,0,14.1717654,0,0,0,0,0,0,0,0,0,0
LOR248C583,0,93.1064196,340.9027951,0,245.1938391,0,303.5867345,146.2572852,295.0073256,0,76.0068,0,98.4397747,225.2073427,10.3218154,0,70.03092,119.6036198,49.2013975,171.77069,0,0,3.6328365,93.0568422,44.3595516,10.108945,408.0047818,58.107343,152.6720993,62.5415073,40.1478944,59.5290928,86.6314256,73.1340488,67.2868444,170.2244699,0,0,34.9649965,168.1497915,123.1665182,210.0769254,184.4728,243.8350497,47.6064018,110.2191948,18.8624994,22.1526432,161.4147192,28.532372,55.9879068,68.8138242,41.4821085,45.4053222,251.900496,0,260.4717864,469.1600403,297.2677414,52.9404704,339.9993975,409.4932518,426.3750307,14.4278423,106.4524904,0,52.7528994,83.809362,0,177.4585008,59.6224674,185.180384,487.7886816,314.5575708,208.808586,210.7939592,26.05764,11.2772691,205.9668558,299.0377152,63.176538,218.9056212,401.9282085,181.9598143,116.468526,187.7677893,160.8185665,230.6431754,134.316994,357.6088304,107.4742968,114.053408,123.1093105,200.603697,0,8.0610156,103.2053188,276.610062,136.3894176,553.7803572,370.1056241,347.6206162,321.469802,77.9915709,150.8543136,333.310647,391.4488969,160.8700723,59.8586303,97.201404,28.1783557,317.3983976,0,111.3347553,126.1220166,0,97.0998244,292.644954,46.79343,95.2013594,40.473692,221.595801,188.8170804,237.2588748
LOR249C1205,0,0,0,0,0,0,0,0,0,0,0,0,0,0,0,0,0,0,9.7070425,0,0,0,0,0,0,0,0,0,16.3006557,0,0,0,0,0,0,12.4818017,0,0,0,0,16.2312911,0,0,0,0,0,0,0,14.51044,0,0,0,0,0,0,0,24.4562976,13.4305841,0,0,0,8.377188,36.9117384,0,0,0,0,0,0,149.957352,2.4749856,20.047223,17.9190396,7.8189138,0,0,0,0,0,39.7485984,0,0,27.920151,0,0,0,0,28.9639555,0,15.9701224,0,0,0,0,0,0,45.15423,102.538896,0,14.2228548,0,4.690895,0,0,0,0,0,0,0,0,0,0,0,0,0,0,0,11.939256,0,0,0,0,20.504928,0
LOR249C870,0,0,0,0,0,0,0,0,0,0,0,0,0,0,0,0,0,0,0,0,0,0,0,0,0,0,0,0,0,0,0,0,0,0,0,0,0,0,0,0,0,0,0,0,0,0,0,0,0,0,0,0,0,0,0,0,0,0,0,0,0,0,0,0,0,0,0,0,0,0,0,0,0,0,0,0,0,0,0,0,0,0,0,0,0,0,0,0,0,0,0,0,0,0,0,0,0,0,0,25.718364,0,0,0,0,0,0,0,0,0,0,0,0,0,0,0,0,0,0,0,0,0,0,0,0
LOR254C11765,0,0,0,0,0,0,0,0,0,0,0,0,0,0,0,0,0,0,0,0,0,0,0,0,0,0,0,0,0,0,0,0,0,0,0,0,0,0,0,0,0,0,0,0,0,0,0,0,0,0,0,0,0,0,0,0,0,0,0,0,0,0,0,0,0,0,0,0,0,0,0,0,0,0,0,0,0,0,0,0,0,0,0,0,0,0,0,0,0,0,0,0,0,0,0,0,0,0,0,0,4525.542716,0,0,0,0,0,0,0,0,0,0,0,0,0,0,0,0,0,0,0,0,0,0,0
LOR254C870,0,0,0,0,0,0,0,0,0,0,0,0,0,0,0,0,0,0,0,0,0,0,0,0,0,0,0,0,0,0,0,0,0,0,0,0,0,0,0,0,0,0,0,0,0,0,0,0,0,0,0,0,0,0,0,0,0,0,0,0,0,0,0,0,0,0,0,0,0,0,0,0,0,0,0,0,0,0,0,0,0,0,0,0,0,0,0,0,0,0,0,0,0,0,0,0,0,0,0,0,29.3128839,0,0,0,0,0,0,0,0,0,0,0,0,0,0,0,0,0,0,0,0,0,0,0
LOR258C425,0,0,0,0,0,0,0,0,0,0,0,0,0,0,0,0,0,0,0,0,0,0,0,0,0,0,8.3010404,0,0,0,0,0,0,0,0,0,0,0,0,0,0,0,0,0,0,0,0,0,0,0,0,0,0,0,0,0,0,0,30.7067537,0,0,0,0,0,0,0,0,0,0,0,0,0,0,0,0,0,0,0,0,0,0,0,24.2477235,0,16.641675,0,0,0,0,0,0,0,20.1281927,20.0908575,0,0,0,0,0,0,0,26.9898882,0,0,0,0,0,0,0,0,0,0,0,0,0,0,0,0,0,0,0,0,0,0
LOR258C5471,0,0,0,0,0,0,0,0,0,0,0,0,0,0,0,0,0,0,0,0,0,0,0,0,0,0,0,0,0,0,0,0,0,0,5.4914384,0,0,0,0,0,0,0,7.7014464,0,0,0,0,0,0,0,0,0,0,0,0,0,0,49.8114323,0,0,70.83636,7.2757932,0,0,0,0,0,0,0,0,0,0,0,0,0,0,0,0,0,4.554816,0,0,0,0,0,0,0,0,0,0,0,0,0,0,0,0,0,0,0,0,0,19.1472094,0,0,0,0,0,0,0,0,0,0,0,0,0,0,0,0,0,0,0,0,0,0
LOR258C6853,0,0,0,0,0,0,0,0,0,0,0,0,0,0,0,0,0,0,0,0,0,0,0,0,0,0,0,0,0,0,0,0,0,0,0,0,0,0,0,0,0,0,0,0,0,0,0,0,0,0,0,0,0,0,0,0,0,0,0,0,0,0,0,0,0,0,0,0,0,0,0,0,0,0,0,0,0,0,0,0,0,0,0,0,0,0,0,0,0,0,0,0,0,0,0,0,0,0,0,0,0,839.032524,0,0,0,0,0,0,0,0,0,0,0,0,0,0,0,0,0,0,0,0,0,0
LOR258C7540,0,0,0,0,0,0,0,0,0,0,0,0,0,0,0,0,0,0,0,0,0,0,0,0,0,0,0,0,0,0,0,0,0,0,0,0,0,0,0,0,0,0,0,0,0,0,0,0,0,0,0,0,0,0,0,0,0,0,0,0,0,0,0,0,0,0,0,0,0,0,0,0,0,0,0,0,0,0,0,0,0,0,0,0,0,0,0,0,0,0,0,0,0,0,0,0,0,0,0,0,0,160.3517938,0,0,0,0,0,0,0,0,0,0,0,0,0,0,0,0,0,0,0,0,0,0
LOR258C870,0,0,0,0,0,0,0,0,0,0,0,0,0,0,0,0,0,0,0,0,0,0,0,0,0,0,0,0,0,0,0,0,0,0,0,0,0,0,0,0,0,0,0,0,0,0,0,0,0,0,0,0,0,0,0,0,0,0,0,0,0,0,0,0,0,0,0,0,0,0,0,0,0,0,0,0,0,0,0,0,0,0,0,0,0,0,0,0,0,0,0,0,0,0,0,0,0,0,0,0,0,224.7474944,0,0,0,0,0,0,0,0,0,0,0,0,0,0,0,0,0,0,0,0,0,0
LOR262C4865,0,0,0,0,0,0,0,0,0,0,0,0,0,0,0,0,0,0,0,0,0,0,0,0,0,0,0,0,0,0,0,0,0,0,0,0,0,0,0,0,0,0,0,0,0,0,0,0,0,0,0,0,0,0,0,0,0,0,0,0,0,0,0,0,0,0,0,0,0,0,0,0,0,0,0,0,0,0,0,0,0,0,0,0,0,0,0,0,0,0,0,0,0,0,0,0,0,0,0,0,0,0,0,0,57.6697032,0,0,0,0,0,0,0,0,0,0,0,0,0,0,0,0,0,0,0
LOR272C1817,0,0,0,0,0,0,0,0,0,0,0,0,0,0,0,0,0,0,0,0,0,0,0,0,0,0,0,0,0,0,0,0,0,0,0,0,0,0,0,0,0,0,0,0,0,0,0,0,0,0,0,0,0,0,0,0,0,0,0,0,0,0,0,0,0,0,0,0,0,0,0,0,0,0,0,0,0,0,0,0,0,0,0,0,0,0,0,0,0,0,0,0,0,0,0,0,0,0,0,0,0,0,0,0,0,0,0,0,99.9182716,0,0,0,0,0,0,0,0,0,0,0,0,0,0,0
LOR272C2933,0,0,0,0,0,0,0,0,0,0,0,0,0,0,0,0,0,0,0,0,0,0,0,0,0,0,0,0,0,0,0,0,0,0,0,0,0,0,0,0,0,0,0,0,0,0,0,0,0,0,0,0,0,0,0,0,0,0,0,0,0,0,0,0,0,0,0,0,0,0,0,0,0,0,0,0,0,0,0,0,0,0,0,0,0,0,0,0,0,0,0,0,0,0,0,0,0,0,0,0,0,0,0,0,0,0,0,0,183.4946365,0,0,0,0,0,0,0,0,0,0,0,0,0,0,0
LOR272C3775,0,0,0,0,0,0,0,0,0,0,0,0,0,0,0,0,0,0,0,0,0,0,0,0,0,0,0,0,0,0,0,0,0,0,0,0,0,0,0,0,0,0,0,0,0,0,0,0,0,0,0,0,0,0,0,0,0,0,0,0,0,0,0,0,0,0,0,0,0,0,0,0,0,0,0,0,0,0,0,0,0,0,0,0,0,0,0,0,0,0,0,0,0,0,0,0,0,0,0,0,0,0,0,0,0,0,0,0,116.8157746,0,0,0,0,0,0,0,0,0,0,0,0,0,0,0
LOR272C4277,0,0,0,0,0,0,0,0,0,0,0,0,0,0,0,0,0,0,0,0,0,0,0,0,0,0,0,0,0,0,0,0,0,0,0,0,0,0,0,0,0,0,0,0,0,0,0,0,0,0,0,0,0,0,0,0,0,0,0,0,0,0,0,0,0,0,0,0,0,0,0,0,0,0,0,0,0,0,0,0,0,0,0,0,0,0,0,0,0,0,0,0,0,0,0,0,0,0,0,0,0,0,0,0,0,0,0,0,84.9961448,0,0,0,0,0,0,0,0,0,0,0,0,0,0,0
LOR272C7394,0,0,0,0,0,0,0,0,0,0,0,0,0,0,0,0,0,0,0,0,0,0,0,0,0,0,0,0,0,0,0,0,0,0,0,0,0,0,0,0,0,0,0,0,0,0,0,0,0,0,0,0,0,0,0,0,0,0,0,0,0,0,0,0,0,0,0,0,0,0,0,0,0,0,0,0,0,0,0,0,0,0,0,0,0,0,0,0,0,0,0,0,0,0,0,0,0,0,0,0,0,0,0,0,0,0,0,0,105.3733436,0,0,0,0,0,0,0,0,0,0,0,0,0,0,0
LOR272C808,0,0,56.686436,0,993.3518231,0,0,0,0,0,0,0,27.8493361,89.3584199,20.0222009,0,0,48.2977523,0,158.052167,0,0,0,0,14.400178,0,7.2807362,39.377695,103.7865696,0,0,0,0,0,21.4571632,13.0630649,0,0,0,0,32.8291834,0,22.7695574,692.6084844,0,207.2191329,0,0,0,34.4732266,0,0,0,34.0245198,742.437468,0,0,0,0,14.7212638,564.162375,1076.57588,275.4450935,0,0,0,0,0,0,49.8614672,0,0,7.2275544,11.6128242,0,88.5813312,0,0,0,0,35.8763729,146.3053844,67.694235,676.9856628,14.510253,0,0,0,60.3447544,0,0,0,0,0,0,19.798127,35.7855562,0,319.5281847,172.1228292,70.2767179,42.2077194,0,0,26.2999296,0,954.0606034,41.0613875,165.8456695,0,0,105.5606881,0,22.5895968,299.2138227,0,0,0,7.12305,24.6934275,0,113.181642,36.3122796,324.410184
LOR275C1782,0,0,0,0,0,0,0,0,0,0,0,0,0,0,0,0,0,0,0,0,0,0,0,0,0,0,0,0,0,0,0,0,0,0,2.8167736,29.9357225,0,0,0,0,0,0,0,0,0,0,0,0,0,0,0,0,0,0,0,0,0,0,0,0,0,0,0,0,0,0,0,0,0,0,0,0,0,0,0,0,0,0,0,0,0,0,0,0,0,0,0,0,0,0,0,0,0,0,0,0,0,0,0,0,0,0,0,0,0,0,0,0,0,0,126.2372667,0,0,0,0,0,0,0,0,0,0,0,0,0
LOR275C1900,0,0,0,0,0,0,0,0,0,0,0,0,0,0,0,0,0,0,0,0,0,0,0,0,0,0,5.1691832,0,0,0,0,0,0,0,0,0,0,0,0,0,0,0,0,0,0,0,0,31.2083136,0,0,0,0,0,0,0,0,0,0,0,106.6102884,0,0,0,0,0,0,0,0,0,0,0,0,0,0,0,0,0,0,0,0,24.6799361,0,0,0,0,0,0,0,0,0,0,0,0,0,0,0,0,0,0,0,0,0,0,0,0,0,0,0,0,0,74.9599653,0,0,0,0,13.5711975,0,0,0,0,11.8546925,0,0,0
LOR275C435,0,0,0,0,0,0,0,0,0,0,0,0,0,0,0,0,0,0,0,0,0,0,0,0,0,0,0,0,0,0,0,0,0,0,0,166.2878321,0,0,0,0,0,0,0,0,0,0,0,0,0,0,0,0,0,0,0,0,0,0,0,0,0,0,0,0,0,0,577.5250544,30.1167146,0,0,0,0,0,0,0,0,0,204.9533964,0,0,0,126.9007572,0,0,0,0,0,0,0,0,0,91.484628,0,0,0,18.2800288,0,0,0,0,0,12.566048,0,0,0,0,0,0,0,0,302.1073332,0,0,0,0,0,0,0,0,0,110.0324701,0,0,0
LOR275C4638,0,0,0,0,0,0,0,0,0,0,0,0,0,0,0,0,0,0,0,0,0,0,0,0,0,0,0,0,0,0,0,0,0,0,0,0,0,0,0,0,0,0,0,0,0,0,0,0,0,0,0,0,0,0,0,0,0,0,0,0,0,0,0,0,0,0,0,0,0,0,0,0,0,0,0,0,0,24.7273119,0,0,0,0,0,0,0,0,0,0,0,0,0,0,0,0,0,0,0,0,0,0,0,0,0,0,0,0,0,0,0,0,66.9124364,0,0,0,0,0,0,0,0,0,2.9904987,0,0,0
LOR275C5475,0,0,0,0,0,0,0,0,0,0,0,0,0,0,0,0,0,0,0,0,0,0,0,0,0,0,0,0,0,0,0,0,0,0,0,0,0,0,0,0,0,0,0,0,0,0,0,0,0,0,0,0,0,0,0,0,0,0,0,0,0,0,0,0,0,0,0,0,0,0,0,0,0,0,0,0,0,0,0,0,0,0,0,0,0,0,0,0,0,0,0,0,0,0,0,0,0,0,0,0,0,0,0,0,0,0,0,0,0,0,292.0803928,0,0,0,0,0,0,0,0,0,0,0,0,0