scaffold	prediction
LOR061C7108	virus
LOR019C6871	virus
LOR240C1792	virus
LOR203C4194_1	virus
LOR0422C5793	virus
LOR055C4476_2	virus
LOR054C3415	organism
LOR272C2933	organism
LOR216C3877	virus
LOR022C3734	virus
LOR2411C11368	virus
LOR258C6853	virus
LOR203C407	virus
LOR2047C5357	virus
LOR2067C3805	virus
LOR242C2740_2	virus
LOR238C6350	virus
LOR2043C435	virus
LOR2043C7386	virus
LOR034C7874	virus
LOR202C2390	virus
LOR275C4638	virus
LOR226C4044	virus
LOR082C8885	virus
LOR272C1817	virus
LOR2410C1871	virus
LOR226C291	virus
LOR238C1638	virus
LOR030C6624	virus
LOR2420C870	virus
LOR2418C5438_1	virus
LOR203C7655	virus
LOR098C1736	virus
LOR055C6040_1	virus
LOR2413C4997	virus
LOR275C1782	virus
LOR206C1567	virus
LOR026C1504	virus
LOR226C2095	virus
LOR051C3649_1	virus
LOR0422C10566	virus
LOR2046C8283	virus
LOR2045C7173	virus
LOR2413C2164	virus
LOR074C3333_1	organism
LOR2418C8542	virus
LOR101C4203	virus
LOR054C8584	virus
LOR272C808	organism
LOR019C1937	organism
LOR021C2991	virus
LOR074C924	virus
LOR240C3671	virus
LOR054C12532	virus
LOR0422C3539	virus
LOR060C1659	virus
LOR055C4476_1	plasmid
LOR202C11541	virus
LOR054C4757	virus
LOR034C936	virus
LOR051C1855	virus
LOR102C10295	virus
LOR2412C1895	organism
LOR242C4391	virus
LOR021C5739	virus
LOR210C8283	virus
LOR272C7394	virus
LOR051C7780	virus
LOR0422C3205	virus
LOR009C3120	virus
LOR258C7540	virus
LOR224C3788	virus
LOR099C7072	virus
LOR054C4668	virus
LOR226C2977	virus
LOR2046C5209	virus
LOR054C6272	virus
LOR224C3873_1	virus
LOR012C11763	virus
LOR058C9379	virus
LOR101C3205	virus
LOR055C7126	virus
LOR238C6320	virus
LOR0422C7224	virus
LOR2415C8146	virus
LOR238C9053	virus
LOR054C90	virus
LOR2418C7477	virus
LOR054C11098	virus
LOR275C1900	plasmid
LOR2418C1746	virus
LOR0423C3560	virus
LOR054C7479	virus
LOR258C870	virus
LOR206C2848	virus
LOR016C8165	virus
LOR2407C1715	virus
LOR082C1633	virus
LOR2418C280	virus
LOR2410C1615	virus
LOR090C1302	virus
LOR249C870	virus
LOR054C6558	plasmid
LOR2043C4017	virus
LOR2049C3118	virus
LOR2403C1976_1	virus
LOR016C10098_1	organism
LOR2418C7086	virus
LOR2413C3277	virus
LOR054C4143	virus
LOR206C1305	virus
LOR2418C7971	virus
LOR084C7587	virus
LOR0422C5714	virus
LOR063C2267	virus
LOR202C1237	virus
LOR254C870	virus
LOR2411C8882	virus
LOR272C4277	virus
LOR055C5735_1	virus
LOR227C4597	virus
LOR2043C8928	virus
LOR2410C1913	organism
LOR2411C6659	virus
LOR090C4524_1	virus
LOR272C3775	virus
LOR206C195	virus
LOR2411C12611_fragment_1	organism
LOR028C10279_fragment_2	organism
LOR028C10279_fragment_4	plasmid
LOR028C10279_fragment_5	organism
LOR018C11685_fragment_1	organism
LOR018C11685_fragment_3	plasmid
LOR2403C1748_fragment_1	virus
LOR242C2022_fragment_1	plasmid
LOR084C7645_fragment_1	organism
LOR084C7645_fragment_2	organism
LOR2400C2320_fragment_3	plasmid
LOR2400C2320_fragment_4	organism
LOR2400C2320_fragment_5	virus
LOR258C5471_fragment_3	organism
LOR2413C699_fragment_1	organism
LOR2413C699_fragment_2	organism
LOR2413C699_fragment_3	organism
LOR2413C699_fragment_5	plasmid
LOR2413C699_fragment_6	organism
LOR242C2740_1_fragment_1	virus
LOR242C2740_1_fragment_2	virus
LOR034C11582_fragment_1	virus
LOR2045C7856_fragment_3	organism
LOR2407C583_fragment_3	organism
LOR235C8479_fragment_3	organism
LOR2069C9089_fragment_1	organism
LOR2069C9089_fragment_3	organism
LOR2066C8904_fragment_1	organism
LOR2411C9230_fragment_1	plasmid
LOR054C7422_fragment_1	organism
LOR054C7422_fragment_2	organism
LOR022C7307_fragment_1	organism
LOR022C7307_fragment_2	organism
LOR054C2191_fragment_1	organism
LOR054C2191_fragment_2	organism
LOR054C2191_fragment_3	plasmid
LOR054C6930_fragment_1	plasmid
LOR054C6930_fragment_2	virus
LOR054C6930_fragment_3	plasmid
LOR054C6930_fragment_4	plasmid
LOR275C435_fragment_1	plasmid
LOR2413C5626_fragment_1	organism
LOR2413C5626_fragment_2	virus
LOR2413C5626_fragment_4	organism
LOR258C425_fragment_1	organism
LOR258C425_fragment_2	organism
LOR101C7391_fragment_2	organism
LOR242C5793_fragment_1	organism
LOR022C11122_fragment_1	organism
LOR022C11122_fragment_2	organism
LOR022C11122_fragment_3	organism
LOR022C11122_fragment_5	plasmid
LOR2063C6179_fragment_2	organism
LOR2063C6179_fragment_4	organism
LOR2063C6179_fragment_6	organism
LOR2063C6179_fragment_7	organism
LOR2421C583_fragment_5	organism
LOR055C6040_2_fragment_1	plasmid
LOR055C6040_2_fragment_2	organism
LOR055C6040_2_fragment_3	plasmid
LOR235C8843_fragment_1	plasmid
LOR235C8843_fragment_2	virus
LOR018C11461_fragment_2	organism
LOR018C11461_fragment_3	organism
LOR090C8240_fragment_1	organism
LOR090C8240_fragment_2	organism
LOR0469C905_fragment_1	organism
LOR0469C905_fragment_2	virus
LOR2064C9352_fragment_1	organism
LOR081C7056_fragment_1	organism
LOR081C7056_fragment_2	plasmid
LOR2400C583_fragment_4	organism
LOR2066C8479_fragment_3	organism
LOR262C4865_fragment_1	plasmid
LOR249C1205_fragment_2	organism
LOR242C8925_fragment_1	organism
LOR210C8329_fragment_1	organism
