KEGG Entry	Metabolism	Pathway	Total AMGs	Present AMG KOs
map00010	Carbohydrate metabolism	Glycolysis / Gluconeogenesis	1	K00138
map00030	Carbohydrate metabolism	Pentose phosphate pathway	2	K00036,K00852
map00520	Carbohydrate metabolism	Amino sugar and nucleotide sugar metabolism	3	K00820,K01791
map00620	Carbohydrate metabolism	Pyruvate metabolism	1	K00138
map00630	Carbohydrate metabolism	Glyoxylate and dicarboxylate metabolism	1	K00015
map00660	Carbohydrate metabolism	C5-Branched dibasic acid metabolism	1	K00052
map00720	Energy metabolism	Carbon fixation pathways in prokaryotes	1	K01491
map00920	Energy metabolism	Sulfur metabolism	1	K00860
map00061	Lipid metabolism	Fatty acid biosynthesis	2	K00059
map00230	Nucleotide metabolism	Purine metabolism	3	K00860,K01939
map00250	Amino acid metabolism	"Alanine, aspartate and glutamate metabolism"	4	K00820,K01939,K01953
map00260	Amino acid metabolism	"Glycine, serine and threonine metabolism"	1	K00643
map00270	Amino acid metabolism	Cysteine and methionine metabolism	28	K00558,K00789,K22847
map00290	Amino acid metabolism	"Valine, leucine and isoleucine biosynthesis"	1	K00052
map00300	Amino acid metabolism	Lysine biosynthesis	1	K01928
map00220	Amino acid metabolism	Arginine biosynthesis	1	K00619
map00330	Amino acid metabolism	Arginine and proline metabolism	1	K00286
map00350	Amino acid metabolism	Tyrosine metabolism	1	K00055
map00360	Amino acid metabolism	Phenylalanine metabolism	1	K00055
map00440	Metabolism of other amino acids	Phosphonate and phosphinate metabolism	1	K06167
map00480	Metabolism of other amino acids	Glutathione metabolism	2	K00036,K01460
map00510	Glycan biosynthesis and metabolism	N-Glycan biosynthesis	1	K00721
map00550	Glycan biosynthesis and metabolism	Peptidoglycan biosynthesis	2	K01928,K05366
map00760	Metabolism of cofactors and vitamins	Nicotinate and nicotinamide metabolism	7	K00952,K03426,K03462,K13522,K19188
map00770	Metabolism of cofactors and vitamins	Pantothenate and CoA biosynthesis	2	K00859,K00954
map00780	Metabolism of cofactors and vitamins	Biotin metabolism	2	K00059
map00790	Metabolism of cofactors and vitamins	Folate biosynthesis	10	K00287,K01495,K01737,K06920,K10026
map00670	Metabolism of cofactors and vitamins	One carbon pool by folate	3	K00287,K01491
map00860	Metabolism of cofactors and vitamins	Porphyrin and chlorophyll metabolism	4	K00643,K01698,K09882
map00130	Metabolism of cofactors and vitamins	Ubiquinone and other terpenoid-quinone biosynthesis	1	K19267
map00523	Metabolism of terpenoids and polyketides	Polyketide sugar unit biosynthesis	2	K00067,K00973
map00311	Biosynthesis of other secondary metabolites	Penicillin and cephalosporin biosynthesis	1	K04126
map00521	Biosynthesis of other secondary metabolites	Streptomycin biosynthesis	2	K00067,K00973
map00525	Biosynthesis of other secondary metabolites	Acarbose and validamycin biosynthesis	1	K00973
map00333	Biosynthesis of other secondary metabolites	Prodigiosin biosynthesis	2	K00059
map00998	Biosynthesis of other secondary metabolites	Biosynthesis of secondary metabolites - other antibiotics	1	K02078
map00623	Xenobiotics biodegradation and metabolism	Toluene degradation	1	K00055
map00622	Xenobiotics biodegradation and metabolism	Xylene degradation	1	K00055
