scaffold	type	Quality
LOR061C7108	lytic	high quality draft
LOR019C6871	lytic	medium quality draft
LOR240C1792	lysogenic	low quality draft
LOR203C4194_1	lytic	high quality draft
LOR0422C5793	lytic	low quality draft
LOR055C4476_2	lysogenic	medium quality draft
LOR216C3877	lytic	high quality draft
LOR022C3734	lytic	high quality draft
LOR2411C11368	lysogenic	medium quality draft
LOR258C6853	lytic	high quality draft
LOR203C407	lytic	medium quality draft
LOR2047C5357	lytic	high quality draft
LOR2067C3805	lytic	high quality draft
LOR242C2740_2	lysogenic	medium quality draft
LOR238C6350	lytic	medium quality draft
LOR2043C435	lysogenic	high quality draft
LOR2043C7386	lytic	high quality draft
LOR034C7874	lysogenic	medium quality draft
LOR202C2390	lytic	high quality draft
LOR275C4638	lytic	high quality draft
LOR226C4044	lytic	medium quality draft
LOR082C8885	lytic	high quality draft
LOR272C1817	lytic	medium quality draft
LOR2410C1871	lytic	low quality draft
LOR226C291	lysogenic	medium quality draft
LOR238C1638	lysogenic	low quality draft
LOR030C6624	lytic	medium quality draft
LOR2420C870	lytic	high quality draft
LOR2418C5438_1	lysogenic	medium quality draft
LOR203C7655	lytic	high quality draft
LOR098C1736	lysogenic	medium quality draft
LOR055C6040_1	lysogenic	medium quality draft
LOR2413C4997	lytic	medium quality draft
LOR275C1782	lysogenic	medium quality draft
LOR206C1567	lytic	high quality draft
LOR026C1504	lytic	low quality draft
LOR226C2095	lytic	high quality draft
LOR051C3649_1	lytic	medium quality draft
LOR0422C10566	lysogenic	medium quality draft
LOR2046C8283	lysogenic	high quality draft
LOR2045C7173	lysogenic	medium quality draft
LOR2413C2164	lytic	low quality draft
LOR074C3333_1	lysogenic	high quality draft
LOR2418C8542	lysogenic	low quality draft
LOR101C4203	lytic	low quality draft
LOR054C8584	lytic	low quality draft
LOR272C808	lytic	low quality draft
LOR019C1937	lytic	high quality draft
LOR021C2991	lysogenic	low quality draft
LOR074C924	lytic	high quality draft
LOR240C3671	lytic	high quality draft
LOR054C12532	lytic	low quality draft
LOR0422C3539	lytic	high quality draft
LOR060C1659	lytic	high quality draft
LOR055C4476_1	lytic	low quality draft
LOR202C11541	lytic	low quality draft
LOR054C4757	lysogenic	high quality draft
LOR034C936	lytic	high quality draft
LOR051C1855	lytic	high quality draft
LOR102C10295	lytic	high quality draft
LOR2412C1895	lytic	low quality draft
LOR242C4391	lytic	low quality draft
LOR021C5739	lysogenic	high quality draft
LOR210C8283	lysogenic	high quality draft
LOR272C7394	lytic	medium quality draft
LOR051C7780	lytic	medium quality draft
LOR0422C3205	lytic	high quality draft
LOR009C3120	lytic	low quality draft
LOR258C7540	lysogenic	medium quality draft
LOR224C3788	lytic	high quality draft
LOR099C7072	lytic	high quality draft
LOR054C4668	lysogenic	medium quality draft
LOR226C2977	lysogenic	low quality draft
LOR2046C5209	lytic	medium quality draft
LOR054C6272	lysogenic	high quality draft
LOR224C3873_1	lysogenic	medium quality draft
LOR012C11763	lytic	high quality draft
LOR058C9379	lytic	high quality draft
LOR101C3205	lytic	high quality draft
LOR055C7126	lytic	medium quality draft
LOR238C6320	lytic	high quality draft
LOR0422C7224	lysogenic	high quality draft
LOR2415C8146	lysogenic	high quality draft
LOR238C9053	lysogenic	high quality draft
LOR054C90	lysogenic	medium quality draft
LOR2418C7477	lytic	medium quality draft
LOR054C11098	lytic	high quality draft
LOR275C1900	lytic	low quality draft
LOR2418C1746	lytic	medium quality draft
LOR0423C3560	lytic	high quality draft
LOR054C7479	lytic	medium quality draft
LOR258C870	lytic	high quality draft
LOR206C2848	lysogenic	high quality draft
LOR016C8165	lytic	high quality draft
LOR2407C1715	lytic	high quality draft
LOR082C1633	lytic	high quality draft
LOR2418C280	lytic	high quality draft
LOR2410C1615	lytic	low quality draft
LOR090C1302	lytic	low quality draft
LOR249C870	lytic	medium quality draft
LOR054C6558	lytic	medium quality draft
LOR2043C4017	lytic	high quality draft
LOR2049C3118	lytic	low quality draft
LOR2403C1976_1	lytic	low quality draft
LOR016C10098_1	lysogenic	high quality draft
LOR2418C7086	lysogenic	low quality draft
LOR2413C3277	lysogenic	high quality draft
LOR054C4143	lytic	medium quality draft
LOR206C1305	lytic	medium quality draft
LOR2418C7971	lytic	high quality draft
LOR084C7587	lysogenic	low quality draft
LOR0422C5714	lytic	low quality draft
LOR063C2267	lytic	high quality draft
LOR202C1237	lysogenic	high quality draft
LOR254C870	lytic	medium quality draft
LOR2411C8882	lysogenic	low quality draft
LOR272C4277	lytic	high quality draft
LOR055C5735_1	lytic	low quality draft
LOR227C4597	lysogenic	low quality draft
LOR2043C8928	lysogenic	high quality draft
LOR2410C1913	lysogenic	high quality draft
LOR2411C6659	lytic	medium quality draft
LOR090C4524_1	lytic	high quality draft
LOR272C3775	lytic	high quality draft
LOR206C195	lytic	high quality draft
LOR2411C12611_fragment_1	lysogenic	low quality draft
LOR028C10279_fragment_4	lysogenic	low quality draft
LOR018C11685_fragment_3	lysogenic	low quality draft
LOR2403C1748_fragment_1	lysogenic	low quality draft
LOR242C2022_fragment_1	lysogenic	low quality draft
LOR2400C2320_fragment_5	lysogenic	low quality draft
LOR2413C699_fragment_2	lysogenic	low quality draft
LOR2413C699_fragment_3	lysogenic	low quality draft
LOR2413C699_fragment_5	lysogenic	low quality draft
LOR242C2740_1_fragment_1	lysogenic	medium quality draft
LOR034C11582_fragment_1	lysogenic	medium quality draft
LOR2411C9230_fragment_1	lysogenic	low quality draft
LOR054C2191_fragment_1	lysogenic	low quality draft
LOR054C2191_fragment_2	lysogenic	low quality draft
LOR054C2191_fragment_3	lysogenic	low quality draft
LOR054C6930_fragment_2	lysogenic	low quality draft
LOR054C6930_fragment_4	lysogenic	low quality draft
LOR275C435_fragment_1	lysogenic	low quality draft
LOR2413C5626_fragment_1	lysogenic	low quality draft
LOR2413C5626_fragment_2	lysogenic	low quality draft
LOR258C425_fragment_1	lysogenic	low quality draft
LOR258C425_fragment_2	lysogenic	low quality draft
LOR055C6040_2_fragment_1	lysogenic	high quality draft
LOR055C6040_2_fragment_2	lysogenic	low quality draft
LOR055C6040_2_fragment_3	lysogenic	low quality draft
LOR235C8843_fragment_1	lysogenic	low quality draft
LOR235C8843_fragment_2	lysogenic	low quality draft
LOR090C8240_fragment_1	lysogenic	low quality draft
LOR0469C905_fragment_1	lysogenic	low quality draft
LOR0469C905_fragment_2	lysogenic	low quality draft
LOR262C4865_fragment_1	lysogenic	low quality draft
LOR238C1638	lysogenic	complete circular
LOR098C1736	lysogenic	complete circular
LOR054C4668	lysogenic	complete circular
LOR202C1237	lysogenic	complete circular
LOR202C2390	lytic	complete circular
LOR082C8885	lytic	complete circular
LOR034C936	lytic	complete circular
LOR058C9379	lytic	complete circular
LOR2418C1746	lytic	complete circular
LOR249C870	lytic	complete circular
